airfoil,thickness,thickness_loc,camber,camber_loc,le_radius,te_angle,avg_LD,peak_LD,peak_AoA
goe403.dat,0.067053,0.258258,0.043273,0.377377,0.02429,,50.9663,99.961,3.0
goe310.dat,0.081695,0.27027,0.048138,0.394394,0.027332,,70.1074,99.9378,4.0
goe121.dat,0.066508,0.197197,0.046098,0.378378,0.028251,,73.1437,99.9084,4.0
goe685.dat,0.132291,0.231231,0.042398,0.45045,0.037554,,77.9815,99.8932,7.0
vr7b.dat,0.1203,0.33033,0.031312,0.313313,0.02662,0.0,74.2362,99.8678,7.0
goe176.dat,0.103399,0.201201,0.055723,0.422422,0.033221,,80.0619,99.8468,6.0
e639.dat,0.125636,0.293293,0.048106,0.275275,0.032057,15.5687,82.9795,99.7976,10.0
goe387.dat,0.148875,0.274274,0.055242,0.387387,0.03433,,82.6917,99.7822,4.0
goe574.dat,0.102708,0.317317,0.049974,0.344344,0.028356,,61.1408,99.7693,5.0
e558.dat,0.428451,0.002002,0.206789,0.002002,0.039115,12.9396,83.8607,99.7285,8.0
e334.dat,0.119506,0.304304,0.040543,0.269269,0.02888,13.3326,82.6709,99.7187,8.0
fx05188.dat,0.18861,0.396396,0.026275,0.530531,0.033937,10.1838,72.8584,99.6565,6.0
e818.dat,0.093708,0.332332,0.028008,0.683684,0.022399,6.9135,57.4809,99.6555,2.0
e209.dat,0.137239,0.318318,0.019777,0.436436,0.02978,12.1529,72.8602,99.6294,7.0
fx78k150.dat,0.151083,0.432432,0.043367,0.45045,0.024332,10.9735,48.3104,99.6095,6.0
ec863914.dat,0.142943,0.335335,0.044119,0.737738,0.036022,3.6431,74.1018,99.5829,2.0
n63412.dat,0.120027,0.348348,0.022016,0.506507,0.027762,,70.2892,99.5595,5.0
hq3014.dat,0.139861,0.351351,0.02987,0.507508,0.029983,10.4484,82.5922,99.4921,5.0
e550.dat,0.182131,0.352352,0.022501,0.29029,0.034744,12.9846,70.5582,99.4854,9.0
s3002.dat,0.236201,0.002002,0.088321,0.01001,0.026617,5.1737,85.5816,99.4619,4.0
naca652415.dat,0.149986,0.405405,0.022047,0.506507,0.03001,,63.9389,99.46,5.0
goe595.dat,0.095757,0.326326,0.030265,0.364364,0.017287,,80.1448,99.361,2.0
s2027.dat,0.145291,0.313313,0.02744,0.371371,0.03136,7.6186,80.3868,99.329,7.0
goe274.dat,0.086775,0.274274,0.04883,0.348348,0.034006,,77.1733,99.2443,5.0
r1145ms.dat,0.187979,0.354354,0.044373,0.488488,0.051596,16.5881,70.7852,99.2393,4.0
goe11k.dat,0.07458,0.474474,0.027601,0.561562,0.017769,,46.1023,99.215,3.0
goe573.dat,0.141075,0.307307,0.065289,0.33033,0.040595,,81.9947,99.1951,8.0
e553.dat,0.181451,0.322322,0.02981,0.588589,0.036381,11.9428,81.3009,99.1585,8.0
goe414.dat,0.136131,0.299299,0.052557,0.411411,0.035681,,83.3755,99.1311,7.0
fx61147.dat,0.147672,0.335335,0.031849,0.33033,0.027248,9.2253,82.3651,99.1278,7.0
hq208.dat,0.079771,0.344344,0.019946,0.496496,0.018632,6.0264,66.2654,99.0948,3.0
kc135d.dat,0.089946,0.409409,0.020025,0.303303,0.014958,,60.2958,98.9123,4.0
naca633418.dat,0.17999,0.342342,0.022059,0.512513,0.03595,7.405,73.8315,98.8868,7.0
goe142.dat,0.061634,0.246246,0.038502,0.341341,0.022194,7.524,83.8236,98.8543,5.0
sd7037.dat,0.092172,0.281281,0.030218,0.417417,0.024945,6.7589,86.056,98.823,4.0
fx73cl3152.dat,0.152257,0.231231,0.080121,0.425425,0.042896,9.7472,89.053,98.7826,7.0
s8037.dat,0.160164,0.349349,0.050189,0.006006,0.037701,23.2165,73.0712,98.7373,6.0
e266.dat,0.173328,0.408408,0.031999,0.385385,0.032358,15.2976,64.6682,98.6598,8.0
sd7062.dat,0.14003,0.271271,0.039682,0.382382,0.039019,7.898,87.3742,98.6482,6.0
goe433.dat,0.175098,0.263263,0.048507,0.506507,0.051392,,83.9553,98.6223,7.0
ist-mt1-24.dat,0.240029,0.264264,0.048602,0.56957,0.063032,6.6686,81.2396,98.62,10.0
goe309.dat,0.084377,0.34034,0.04688,0.317317,0.022742,,74.2794,98.5763,5.0
goe385.dat,0.09896,0.314314,0.041675,0.343343,0.031405,,81.1558,98.5409,4.0
fxs03182.dat,0.182251,0.415415,0.028535,0.566567,0.029313,10.3141,63.5403,98.5379,6.0
mrc-20.dat,0.155893,0.38038,0.029287,0.46046,0.030766,22.2955,81.7088,98.5181,5.0
boe106.dat,0.130773,0.32032,0.033517,0.375375,0.026406,,83.4094,98.424,6.0
clarkw.dat,0.113153,0.256256,0.037689,0.424424,0.025101,,85.6136,98.3958,3.0
naca651412.dat,0.119992,0.407407,0.022061,0.503504,0.025671,,62.0198,98.3707,4.0
fx77w153.dat,0.152677,0.289289,0.044864,0.283283,0.034185,15.6049,69.6355,98.3603,10.0
goe122.dat,0.074287,0.244244,0.040809,0.327327,0.027075,,74.2037,98.2967,5.0
raf38.dat,0.126768,0.32032,0.025152,0.394394,0.025004,,75.771,98.2938,6.0
e638.dat,0.123646,0.289289,0.044267,0.258258,0.029466,15.5191,80.6336,98.2774,9.0
goe624.dat,0.160003,0.298298,0.053183,0.368368,0.034988,,88.237,98.2031,7.0
goe314.dat,0.080815,0.262262,0.046898,0.295295,0.032283,,76.8099,98.1887,6.0
goe632.dat,0.140179,0.317317,0.039566,0.358358,0.028591,,69.0856,98.1554,6.0
e333.dat,0.117718,0.303303,0.035617,0.252252,0.027469,13.5738,76.7623,98.1318,8.0
goe316.dat,0.091421,0.26026,0.042647,0.264264,0.03153,,74.5175,98.1153,8.0
hq2512.dat,0.119634,0.343343,0.024972,0.493493,0.025519,8.9179,78.6541,98.0853,4.0
e339.dat,0.135628,0.309309,0.04225,0.266266,0.031964,15.1999,75.4701,97.9963,9.0
goe311.dat,0.084694,0.224224,0.061494,0.36036,0.032878,,76.5888,97.969,5.0
naca644421.dat,0.21001,0.368368,0.022072,0.514515,0.043948,,70.7888,97.8617,8.0
hq2090sm.dat,0.089732,0.34034,0.0199,0.501502,0.017,,63.3942,97.8477,3.0
e642.dat,0.150817,0.399399,0.031252,0.377377,0.030119,12.1736,65.0999,97.819,7.0
e715.dat,0.150735,0.314314,0.027887,0.431431,0.031675,8.2562,63.438,97.804,9.0
n22.dat,0.1239,0.278278,0.06235,0.3003,0.026862,,88.7664,97.7936,5.0
goe565.dat,0.084485,0.26026,0.027944,0.472472,0.018887,,74.6402,97.7674,2.0
goe222.dat,0.186069,0.278278,0.072421,0.540541,0.048777,,85.8197,97.7394,2.0
goe526.dat,0.123122,0.282282,0.041321,0.39039,0.04023,,85.5085,97.7387,3.0
goe744.dat,0.145694,0.238238,0.070192,0.309309,0.038017,,70.3756,97.7112,7.0
isa571.dat,0.074088,0.263263,0.043435,0.275275,0.017398,,73.7223,97.7076,9.0
clarky.dat,0.117072,0.282282,0.034331,0.42042,0.029505,15.3634,86.8622,97.7061,4.0
goe432.dat,0.077522,0.226226,0.043551,0.365365,0.019146,,84.1131,97.6673,4.0
goe404.dat,0.132762,0.257257,0.049807,0.322322,0.049401,,77.6131,97.6375,8.0
goe798.dat,0.200169,0.321321,0.062187,0.44044,0.050321,,74.3428,97.6307,4.0
e556.dat,0.160203,0.311311,0.031305,0.633634,0.034185,10.598,83.5762,97.63,6.0
goe323.dat,0.110512,0.29029,0.051855,0.321321,0.026902,,75.209,97.611,8.0
naca654421a05.dat,0.209985,0.4004,0.029974,0.449449,0.039822,,66.3741,97.5904,8.0
goe507.dat,0.086501,0.302302,0.029236,0.417417,0.021355,,75.3212,97.5538,3.0
goe278.dat,0.074613,0.27027,0.042765,0.337337,0.027752,,75.7922,97.5164,6.0
goe257.dat,0.088522,0.319319,0.041225,0.34034,0.0278,,66.8509,97.4332,5.0
goe29b.dat,0.09435,0.176176,0.065784,0.324324,0.045303,,79.2264,97.3572,6.0
goe620.dat,0.175153,0.285285,0.059348,0.458458,0.041022,,81.7316,97.3161,3.0
goe144.dat,0.073152,0.188188,0.047668,0.354354,0.029398,,74.38,97.2592,4.0
goe134.dat,0.09453,0.31031,0.041255,0.34034,0.019439,,74.2216,97.2093,7.0
goe243.dat,0.192845,0.25025,0.084266,0.56957,0.066552,,82.7129,97.209,2.0
lds2.dat,0.11975,0.345345,0.021671,0.471471,0.027685,13.9051,70.4019,97.1916,4.0
raf48.dat,0.149659,0.309309,0.029675,0.349349,0.029603,,77.5912,97.148,7.0
hq2195.dat,0.095026,0.331331,0.020995,0.557558,0.01887,6.9455,72.2875,97.1343,3.0
hq3015.dat,0.149832,0.351351,0.029861,0.508509,0.032307,11.1418,80.5269,97.1204,5.0
goe795.dat,0.0801,0.323323,0.02447,0.436436,0.021144,15.8765,73.5435,97.0846,3.0
fx60160.dat,0.156543,0.369369,0.030785,0.582583,0.024899,,70.0892,97.0788,5.0
hq209.dat,0.089746,0.343343,0.019946,0.496496,0.02023,6.8217,70.8481,97.0657,3.0
usa28.dat,0.132238,0.276276,0.037611,0.483483,0.034056,,71.746,97.0191,5.0
e637.dat,0.121112,0.286286,0.035565,0.249249,0.027889,15.4529,74.7873,96.9678,10.0
e417.dat,0.142152,0.391391,0.031882,0.757758,0.028598,11.4157,65.6109,96.9058,4.0
goe449.dat,0.170792,0.347347,0.05394,0.414414,0.035738,,86.7083,96.8796,4.0
legionair140_sm.dat,0.086017,0.296296,0.033576,0.321321,0.022734,8.7498,67.0246,96.8662,6.0
sa7036.dat,0.09206,0.286286,0.027884,0.412412,0.024395,6.9193,83.8577,96.7984,5.0
naca4415.dat,0.150025,0.296296,0.040122,0.415415,0.037044,23.5045,85.1465,96.7949,6.0
s1223.dat,0.121422,0.199199,0.08677,0.48048,0.036031,6.5536,92.2794,96.7464,6.0
e338.dat,0.133269,0.307307,0.037554,0.251251,0.030007,15.1045,70.0622,96.6729,9.0
goe436.dat,0.110486,0.268268,0.037686,0.335335,0.025373,,81.0401,96.4826,8.0
goe490.dat,0.088508,0.224224,0.038948,0.343343,0.030513,,68.5005,96.4541,5.0
usa35.dat,0.182174,0.274274,0.064392,0.38038,0.06411,,82.426,96.4328,5.0
sg6040.dat,0.160061,0.351351,0.025003,0.592593,0.034611,13.264,78.3949,96.4253,7.0
m22.dat,0.06276,0.337337,0.063128,0.314314,0.01487,,40.862,96.4187,6.0
usa35a.dat,0.182073,0.277277,0.064355,0.383383,0.064065,,82.3773,96.3727,5.0
e549.dat,0.181304,0.371371,0.020975,0.32032,0.034011,14.0383,72.3873,96.3214,8.0
ls413.dat,0.129348,0.389389,0.021416,0.608609,0.029469,5.9407,72.5329,96.3095,3.0
mh200.dat,0.129695,0.38038,0.021096,0.485485,0.027518,9.9854,72.8542,96.3059,5.0
goe509.dat,0.112322,0.245245,0.052529,0.345345,0.037594,,79.9879,96.2627,6.0
mh201.dat,0.130814,0.357357,0.025967,0.465465,0.029659,9.7235,80.8976,96.2222,4.0
goe503.dat,0.156226,0.287287,0.069898,0.382382,0.046758,,82.8847,96.2163,5.0
hor07.dat,0.071791,0.248248,0.044736,0.403403,0.023115,3.4385,72.7995,96.1888,4.0
goe116.dat,0.094091,0.35035,0.041202,0.444444,0.025317,,65.9562,96.1317,4.0
goe802a.dat,0.098291,0.267267,0.061992,0.373373,0.025139,,79.2789,95.9323,7.0
goe14.dat,0.099449,0.259259,0.069326,0.299299,0.047739,,86.3161,95.9037,10.0
goe143.dat,0.075143,0.238238,0.038138,0.338338,0.030797,,70.1204,95.9028,5.0
goe177.dat,0.077304,0.22022,0.050886,0.368368,0.016883,,74.9349,95.886,4.0
goe182.dat,0.094688,0.185185,0.052736,0.37037,0.034318,,79.1261,95.8816,9.0
goe564.dat,0.082151,0.325325,0.026875,0.442442,0.018899,,77.0242,95.872,2.0
fx61140.dat,0.139857,0.333333,0.02463,0.309309,0.025252,5.3933,74.2534,95.8718,6.0
goe398.dat,0.138554,0.291291,0.048567,0.378378,0.03075,,84.6322,95.8265,5.0
goe422.dat,0.170729,0.293293,0.065105,0.402402,0.0562,,82.3193,95.782,3.0
e49.dat,0.072361,0.369369,0.079825,0.473473,0.029066,12.6693,68.178,95.7044,4.0
usa26.dat,0.099198,0.23023,0.04401,0.352352,0.033238,,75.1624,95.6426,7.0
goe424.dat,0.202132,0.336336,0.047754,0.363363,0.04732,,78.0484,95.633,8.0
goe646.dat,0.184251,0.265265,0.044808,0.479479,0.052521,,76.2729,95.6132,6.0
naca654421.dat,0.209993,0.4004,0.022069,0.512513,0.039934,,65.3034,95.5654,7.0
usa5.dat,0.064586,0.251251,0.045695,0.354354,0.015314,,78.1114,95.514,4.0
ah82150f.dat,0.150019,0.446446,0.036368,0.459459,0.024112,13.192,53.2748,95.4683,6.0
goe290.dat,0.17607,0.286286,0.038792,0.376376,0.047452,,74.5143,95.4503,6.0
sm701.dat,0.160023,0.358358,0.03318,0.593594,0.0393,10.1543,80.7547,95.4287,3.0
waspsm.dat,0.093571,0.262262,0.029821,0.395395,0.024532,14.6305,83.5851,95.4124,6.0
davis_corrected.dat,0.159085,0.292292,0.024778,0.304304,0.03891,,68.4555,95.2646,9.0
s3010.dat,0.103352,0.267267,0.028263,0.371371,0.026992,4.4445,81.0942,95.176,6.0
naca2411.dat,0.110075,0.298298,0.025012,0.407407,0.029741,14.7225,77.0229,95.157,5.0
m16.dat,0.061928,0.348348,0.041188,0.316316,0.014526,,39.4013,95.0788,5.0
n10.dat,0.112512,0.27027,0.056465,0.269269,0.023024,,79.9621,95.0011,6.0
naca634421.dat,0.210169,0.339339,0.02207,0.513514,0.045718,,72.8166,94.9734,8.0
goe438.dat,0.110182,0.276276,0.037921,0.355355,0.035437,,82.2226,94.8877,7.0
goe563.dat,0.089055,0.315315,0.022536,0.461461,0.027701,,74.2224,94.8667,3.0
hq2010.dat,0.099709,0.345345,0.019992,0.47047,0.021915,7.4796,72.5556,94.8604,4.0
rg8.dat,0.108062,0.319319,0.022255,0.613614,0.026196,10.4669,78.3374,94.7996,5.0
mh70.dat,0.110867,0.279279,0.030846,0.378378,0.028041,7.2084,82.6125,94.7344,5.0
usa27.dat,0.112148,0.246246,0.05141,0.361361,0.022367,,77.3888,94.7332,7.0
usnps4.dat,0.119462,0.33033,0.05023,0.358358,0.029588,22.1599,86.7098,94.7218,1.0
sa7035.dat,0.092065,0.289289,0.025567,0.404404,0.024223,6.9434,80.4103,94.7072,5.0
e344.dat,0.147464,0.307307,0.044511,0.264264,0.034896,16.0722,70.242,94.6907,10.0
naca65410.dat,0.099978,0.409409,0.02206,0.502503,0.023067,,68.2822,94.6597,3.0
mh32.dat,0.086982,0.297297,0.024011,0.425425,0.023261,7.5096,72.0562,94.6191,4.0
boe103.dat,0.127373,0.321321,0.03597,0.4004,0.027437,,80.9081,94.6159,3.0
e231.dat,0.123414,0.399399,0.024582,0.399399,0.026587,12.4963,68.5739,94.6097,5.0
mh104.dat,0.152803,0.281281,0.020036,0.29029,0.035401,12.7168,64.7387,94.5793,9.0
e332.dat,0.115452,0.303303,0.030542,0.235235,0.026848,13.5336,70.2594,94.4934,8.0
goe590.dat,0.057386,0.333333,0.040508,0.332332,0.021275,,70.2185,94.4078,4.0
e636.dat,0.118992,0.284284,0.031764,0.231231,0.027773,15.4945,61.3026,94.3826,9.0
goe548.dat,0.11995,0.353353,0.023041,0.524525,0.018897,,69.9866,94.3418,3.0
cr1.dat,0.122101,0.249249,0.047102,0.416416,0.033996,18.9433,73.5466,94.3219,6.0
goe415.dat,0.085467,0.231231,0.036803,0.336336,0.029305,,58.2803,94.314,6.0
usa40.dat,0.134619,0.252252,0.041926,0.406406,0.033681,,79.3842,94.2874,5.0
e329.dat,0.135542,0.322322,0.035502,0.253253,0.030204,13.8422,66.3077,94.2595,10.0
daytonwrightt1.dat,0.134544,0.258258,0.071098,0.355355,0.029442,,83.4454,94.2225,1.0
goe629.dat,0.136513,0.279279,0.028012,0.44044,0.038448,,75.9932,94.0375,5.0
e748.dat,0.197535,0.285285,0.045869,0.545546,0.042964,10.6841,81.3705,93.9319,8.0
dormoy.dat,0.090002,0.297297,0.045889,0.234234,0.014256,,73.9769,93.8577,5.0
e548.dat,0.17426,0.36036,0.022445,0.269269,0.033203,13.6016,63.0463,93.8418,9.0
goe223.dat,0.189005,0.302302,0.057307,0.535536,0.045931,,75.1765,93.7879,6.0
goe650.dat,0.135641,0.24024,0.044482,0.540541,0.041434,,77.3338,93.7805,4.0
goe288.dat,0.176006,0.25025,0.055945,0.438438,0.050975,,82.5488,93.7513,6.0
sc20706.dat,0.060009,0.366366,0.003808,0.764765,0.018257,1.0407,28.3677,93.6951,0.0
mh102.dat,0.170132,0.264264,0.030047,0.389389,0.040642,13.6349,74.5618,93.6823,8.0
goe654.dat,0.145516,0.271271,0.052278,0.367367,0.029455,,85.0303,93.6416,5.0
goe530.dat,0.129228,0.276276,0.051105,0.331331,0.045993,,76.0489,93.6104,5.0
goe613.dat,0.103005,0.304304,0.041163,0.361361,0.020872,,79.8753,93.605,4.0
naca747a415.dat,0.150093,0.386386,0.030469,0.361361,0.031421,,59.2502,93.5676,7.0
goe619.dat,0.138773,0.235235,0.045855,0.459459,0.043114,,79.8995,93.5147,4.0
s7012.dat,0.08758,0.288288,0.020209,0.363363,0.020859,5.6202,68.3973,93.4738,5.0
mb253515sm.dat,0.149583,0.352352,0.024315,0.376376,0.026344,,65.4188,93.364,6.0
ste87391.dat,0.145683,0.356356,0.044168,0.546547,0.032134,12.3537,72.0204,93.3395,2.0
goe434.dat,0.228974,0.265265,0.051808,0.497497,0.078364,,71.6764,93.2811,5.0
fg1.dat,0.081821,0.323323,0.040911,0.323323,0.019588,,74.4768,93.1171,3.0
nlf416.dat,0.159801,0.32032,0.024582,0.326326,0.035696,8.4208,74.118,93.0708,7.0
usa45m.dat,0.117487,0.256256,0.033425,0.272272,0.022829,,67.3623,93.051,8.0
defcnd1.dat,0.209248,0.291291,0.044699,0.375375,0.051039,18.6892,74.1611,93.0376,7.0
n1h15.dat,0.148532,0.448448,0.05542,0.437437,0.023958,,44.447,93.0283,7.0
usa29.dat,0.132987,0.268268,0.055641,0.415415,0.035599,,67.7668,93.0199,8.0
mh83.dat,0.133122,0.215215,0.051252,0.305305,0.038755,1.9848,80.6196,92.9808,8.0
rg15a213.dat,0.130023,0.313313,0.024997,0.394394,0.030255,13.2721,79.1158,92.9446,6.0
naca663418.dat,0.17998,0.455455,0.02206,0.502503,0.033437,,52.1191,92.942,6.0
goe535.dat,0.163085,0.25025,0.057502,0.496496,0.044496,,81.7415,92.9412,7.0
goe318.dat,0.091358,0.286286,0.043324,0.319319,0.031246,,77.0859,92.9412,8.0
s9000.dat,0.090094,0.285285,0.023691,0.415415,0.02498,7.7869,79.4423,92.9047,4.0
goe645.dat,0.156036,0.232232,0.048256,0.391391,0.047423,,78.7574,92.833,6.0
e555.dat,0.160388,0.315315,0.026071,0.651652,0.033011,10.7746,78.121,92.8278,6.0
goe241.dat,0.189757,0.27027,0.084111,0.534535,0.064738,,82.2515,92.618,3.0
e337.dat,0.131159,0.306306,0.032661,0.236236,0.02907,15.1704,64.3776,92.6179,10.0
ag23.dat,0.089001,0.276276,0.021873,0.452452,0.024412,5.7261,74.6971,92.4236,4.0
goe13k.dat,0.148118,0.477477,0.054904,0.563564,0.032729,,43.8311,92.3811,5.0
goe534.dat,0.141244,0.198198,0.052324,0.429429,0.053173,,79.7195,92.3664,6.0
raf26.dat,0.06623,0.305305,0.021381,0.507508,0.021547,,74.9358,92.2801,2.0
sd6060.dat,0.103767,0.346346,0.018455,0.374374,0.021261,7.2709,65.513,92.2636,5.0
fx75193.dat,0.192844,0.414414,0.036691,0.681682,0.031255,11.3585,65.0063,92.242,6.0
goe633.dat,0.13876,0.233233,0.03987,0.36036,0.044201,,52.1488,92.2066,8.0
e180.dat,0.085946,0.318318,0.022426,0.379379,0.019214,5.5367,65.1939,92.1742,5.0
kc135c.dat,0.105951,0.408408,0.016582,0.192192,0.016795,,59.1741,92.1455,4.0
naca4418.dat,0.180245,0.291291,0.040047,0.417417,0.043344,,79.7684,92.1172,6.0
ag25.dat,0.075833,0.251251,0.024004,0.451451,0.02348,4.9391,72.6257,92.0821,4.0
geminism.dat,0.153826,0.334334,0.022022,0.367367,0.029973,22.4447,67.3643,92.049,6.0
raf28.dat,0.098298,0.316316,0.019336,0.42042,0.018263,,64.7505,92.0023,4.0
daytonwright6.dat,0.136272,0.276276,0.071739,0.312312,0.027715,,85.9258,91.9689,4.0
goe367.dat,0.163898,0.342342,0.046055,0.376376,0.045494,,79.6225,91.9605,5.0
s3014.dat,0.094609,0.295295,0.025665,0.394394,0.024863,7.497,77.3483,91.9602,4.0
b29tip.dat,0.090331,0.329329,0.022471,0.331331,0.025923,,59.9806,91.9006,5.0
isa962.dat,0.096419,0.23023,0.059564,0.367367,0.026427,,78.0435,91.856,5.0
cal1215j.dat,0.117258,0.298298,0.02281,0.442442,0.026351,13.9796,77.7698,91.8309,5.0
raf31.dat,0.127671,0.317317,0.020756,0.521522,0.023994,,70.447,91.8094,4.0
ag24.dat,0.084153,0.265265,0.022152,0.455455,0.024084,5.4061,73.8046,91.7743,4.0
e343.dat,0.144949,0.306306,0.039821,0.251251,0.032278,18.3875,65.0899,91.7243,10.0
goe289.dat,0.16845,0.277277,0.061214,0.406406,0.032074,,82.6223,91.6944,5.0
s2055.dat,0.07991,0.345345,0.016577,0.425425,0.022244,8.6617,64.8428,91.6431,3.0
ah93w257.dat,0.256919,0.319319,0.017882,0.768769,0.057677,8.9043,65.2984,91.5864,10.0
goe622.dat,0.080042,0.312312,0.024601,0.402402,0.016895,,69.8812,91.5829,4.0
fx79k144.dat,0.14395,0.424424,0.028189,0.419419,0.025624,11.0204,57.5512,91.5314,6.0
e544.dat,0.175212,0.411411,0.018574,0.316316,0.031948,16.1884,64.1461,91.5294,7.0
ag26.dat,0.068453,0.237237,0.0255,0.442442,0.023173,4.6391,76.3303,91.519,3.0
goe406.dat,0.117036,0.328328,0.055735,0.349349,0.039116,,76.7753,91.4651,4.0
e1210.dat,0.158592,0.22022,0.051987,0.336336,0.050874,11.7438,80.0568,91.4635,7.0
goe504.dat,0.18002,0.298298,0.054081,0.398398,0.044355,,79.3588,91.458,4.0
fx78pk188.dat,0.18825,0.447447,0.023729,0.493493,0.02961,14.6375,53.0592,91.3614,7.0
mh84.dat,0.137277,0.197197,0.04759,0.336336,0.042607,1.9588,80.4362,91.2888,7.0
sd8040.dat,0.100081,0.279279,0.026499,0.402402,0.026635,6.6118,80.7039,91.2875,5.0
sd7080.dat,0.091629,0.283283,0.024843,0.409409,0.024514,7.0463,79.4131,91.2753,5.0
e545.dat,0.174549,0.39039,0.018213,0.319319,0.032336,14.239,67.4217,91.2612,7.0
goe228.dat,0.179854,0.267267,0.070147,0.464464,0.050245,,85.5052,91.2234,4.0
e635.dat,0.116582,0.28028,0.028842,0.211211,0.030045,15.0634,64.3515,91.1853,9.0
ag27.dat,0.061143,0.218218,0.027011,0.434434,0.020053,4.3828,75.9682,91.1348,3.0
goe57.dat,0.062933,0.22022,0.051275,0.372372,0.029712,,71.5,91.0753,3.0
goe421.dat,0.190301,0.278278,0.081486,0.461461,0.058387,,73.1823,91.0457,4.0
rhodesg32.dat,0.120615,0.248248,0.060228,0.249249,0.026869,,75.786,91.0075,7.0
goe256.dat,0.160231,0.317317,0.047127,0.396396,0.047049,,81.2213,90.9747,3.0
raf34.dat,0.126597,0.321321,0.02002,0.31031,0.023932,,64.9102,90.9029,6.0
goe440.dat,0.154316,0.258258,0.096998,0.399399,0.052217,,49.5891,90.8551,1.0
sg6041.dat,0.100014,0.361361,0.019997,0.392392,0.027945,12.1988,72.6875,90.777,3.0
rhodesg30.dat,0.098316,0.254254,0.04911,0.255255,0.021387,,67.9782,90.7751,5.0
goe655.dat,0.140615,0.251251,0.043941,0.382382,0.02924,,81.6338,90.7666,8.0
goe488.dat,0.0681,0.208208,0.030594,0.358358,0.026641,,68.7458,90.7545,1.0
e682.dat,0.153225,0.424424,0.030265,0.406406,0.029859,11.7922,60.6587,90.7404,6.0
goe600.dat,0.131343,0.328328,0.018825,0.504505,0.031553,,69.3798,90.5602,4.0
sp4721la.dat,0.213914,0.357357,0.042242,0.680681,0.043603,11.5263,79.1762,90.5586,7.0
s2060.dat,0.08002,0.294294,0.018128,0.471471,0.022814,6.8821,69.7911,90.553,3.0
mh20.dat,0.090085,0.315315,0.020406,0.358358,0.019661,7.6288,60.0323,90.4944,5.0
goe298.dat,0.128323,0.201201,0.045379,0.4004,0.049727,,72.6798,90.4939,7.0
sp4721bs.dat,0.214233,0.357357,0.044384,0.682683,0.041721,10.7479,79.4126,90.4544,7.0
n24.dat,0.17052,0.275275,0.08612,0.31031,0.040281,,77.9873,90.3907,2.0
hq3518.dat,0.180039,0.356356,0.035069,0.517518,0.03544,,75.932,90.3639,4.0
naca644221.dat,0.209985,0.368368,0.011036,0.513514,0.044182,,57.603,90.3617,8.0
ag35.dat,0.087233,0.279279,0.043668,0.269269,0.023529,9.2883,72.5724,90.3317,3.0
df101.dat,0.110058,0.281281,0.029627,0.009009,0.030818,11.2374,75.9729,90.2654,4.0
e664.dat,0.166355,0.432432,0.027605,0.4004,0.032179,13.014,62.1681,90.2375,7.0
e547.dat,0.174065,0.384384,0.02079,0.287287,0.032526,14.6523,64.7393,90.2374,8.0
e331.dat,0.112868,0.301301,0.026045,0.217217,0.029316,13.384,63.5393,90.2112,8.0
naca001034a08cli0.2.dat,0.100008,0.399399,0.013311,0.518519,0.022032,,59.4162,90.1873,3.0
fg3.dat,0.101439,0.289289,0.050719,0.289289,0.018224,,68.4006,90.0884,7.0
goe420.dat,0.187636,0.288288,0.043068,0.483483,0.042705,,78.2108,90.0738,6.0
fx63158.dat,0.158214,0.348348,0.037703,0.369369,0.028768,6.7251,77.3166,90.0594,5.0
goe113.dat,0.066679,0.323323,0.031146,0.36036,0.014088,,40.2066,90.0099,3.0
goe100.dat,0.066087,0.251251,0.036057,0.376376,0.027075,,75.4643,89.9321,1.0
l188root.dat,0.139992,0.397397,0.019967,0.515516,0.033719,16.9989,66.2704,89.9281,4.0
hq2012.dat,0.119736,0.346346,0.01994,0.502503,0.025711,9.3166,71.9876,89.899,4.0
fx69h083.dat,0.084141,0.356356,0.024404,0.34034,0.018325,,68.5407,89.8889,4.0
fx05191.dat,0.191563,0.4004,0.026272,0.531532,0.033728,11.1795,72.2369,89.7975,6.0
nacacyh.dat,0.117071,0.283283,0.058516,0.288288,0.024243,,76.757,89.7865,7.0
stf86361.dat,0.146862,0.465465,0.045727,0.711712,0.021949,13.2477,45.9418,89.7846,4.0
drgnfly.dat,0.19341,0.377377,0.06562,0.404404,0.035387,20.5199,78.5136,89.7431,7.0
e857.dat,0.20615,0.001001,0.097031,0.001001,0.043249,21.4863,75.6395,89.7061,8.0
goe626.dat,0.167336,0.222222,0.050793,0.496496,0.048735,,77.3572,89.6901,7.0
goe585.dat,0.082392,0.227227,0.033652,0.404404,0.020027,,76.6802,89.5731,6.0
hor20.dat,0.203957,0.242242,0.031875,0.514515,0.061964,13.4931,68.4168,89.4065,9.0
goe611.dat,0.129945,0.343343,0.058628,0.353353,0.041294,,64.5668,89.4021,2.0
goe777.dat,0.220001,0.301301,0.059626,0.314314,0.04743,,71.8308,89.2713,5.0
goe276.dat,0.073121,0.265265,0.040471,0.327327,0.028519,,60.5709,89.2218,7.0
tsagi12.dat,0.119495,0.332332,0.019904,0.296296,0.020375,,59.7896,89.1123,6.0
usa45.dat,0.146423,0.261261,0.041939,0.258258,0.044248,,73.5642,89.0979,9.0
kc135b.dat,0.129916,0.386386,0.015742,0.185185,0.020787,,60.7969,89.0818,5.0
s2062.dat,0.079886,0.295295,0.017326,0.467467,0.022723,6.9217,61.1748,89.0659,3.0
du-80-141.dat,0.140497,0.327327,0.031691,0.690691,0.033262,13.6507,75.9234,89.0519,6.0
e908.dat,0.090083,0.438438,0.027674,0.665666,0.018909,14.7758,35.1729,89.0135,2.0
bw3.dat,0.050205,0.077077,0.058006,0.433433,0.023121,18.2019,64.7531,89.0009,3.0
rg15.dat,0.08928,0.314314,0.017602,0.399399,0.023404,8.5876,71.1693,88.993,4.0
e224.dat,0.101757,0.299299,0.017503,0.48048,0.025458,8.6929,70.2917,88.9891,4.0
b737d.dat,0.108006,0.404404,0.015765,0.21021,0.017023,,61.3019,88.9846,4.0
m8.dat,0.117576,0.142142,0.081473,0.349349,0.031176,,70.1329,88.9732,4.0
defcnd2.dat,0.147531,0.298298,0.038141,0.292292,0.030724,16.8951,76.3003,88.9506,7.0
ys920.dat,0.090534,0.348348,0.021475,0.648649,0.020545,16.299,53.2205,88.9381,2.0
ls417.dat,0.169916,0.386386,0.021702,0.641642,0.039443,6.3741,66.6873,88.8843,4.0
c141f.dat,0.099967,0.401401,0.023204,0.465465,0.030236,17.2192,67.996,88.8602,2.0
nacam6.dat,0.120801,0.341341,0.022159,0.307307,0.024316,,62.7658,88.8434,6.0
jn153.dat,0.175775,0.29029,0.083536,0.378378,0.046497,9.5344,66.957,88.8402,10.0
ds19.dat,0.085002,0.28028,0.019992,0.422422,0.023323,6.7332,72.4819,88.7668,4.0
e328.dat,0.133488,0.321321,0.0305,0.236236,0.029132,13.9942,59.2357,88.7461,10.0
ah79k143.dat,0.142844,0.417417,0.028681,0.4004,0.025194,11.2561,56.8613,88.7247,6.0
fauvel.dat,0.139869,0.247247,0.025517,0.233233,0.033804,,53.3362,88.6314,9.0
ag36.dat,0.081762,0.274274,0.040912,0.265265,0.022595,9.1578,66.2636,88.5899,3.0
kc135a.dat,0.15498,0.358358,0.015841,0.171171,0.026362,,61.5479,88.5876,6.0
goe147.dat,0.075562,0.155155,0.037833,0.337337,0.029687,,69.1535,88.5542,6.0
sd5060.dat,0.094634,0.259259,0.022993,0.439439,0.026089,4.7194,74.9947,88.5215,4.0
marske1.dat,0.140014,0.246246,0.030444,0.233233,0.03564,,57.5411,88.4264,9.0
goe285.dat,0.117445,0.282282,0.037501,0.342342,0.027257,,78.4348,88.369,8.0
s6061.dat,0.090159,0.317317,0.017561,0.392392,0.019895,5.5388,64.7088,88.2479,4.0
goe363.dat,0.110763,0.209209,0.05733,0.374374,0.042038,,75.3214,88.2153,7.0
goe628.dat,0.169124,0.233233,0.056652,0.431431,0.053018,,77.1652,88.179,5.0
mue139.dat,0.139036,0.212212,0.047378,0.318318,0.044927,15.4337,72.6724,88.0659,8.0
e1211.dat,0.180322,0.213213,0.044392,0.381381,0.05439,12.491,74.5802,88.0607,7.0
eh2012.dat,0.119946,0.296296,0.019944,0.249249,0.030269,10.8918,61.4485,88.0563,8.0
clarym15.dat,0.150055,0.283283,0.035648,0.412412,0.044228,,79.2363,88.04,3.0
goe566.dat,0.086845,0.338338,0.025584,0.361361,0.019185,,74.9113,87.8527,3.0
mh42.dat,0.089417,0.294294,0.018934,0.369369,0.020225,6.2525,66.7916,87.8204,5.0
naca662415.dat,0.149917,0.455455,0.02206,0.501502,0.029042,,53.2006,87.8139,5.0
e342.dat,0.142701,0.304304,0.035106,0.236236,0.031085,16.2997,60.5556,87.8129,10.0
naca747a315.dat,0.150095,0.386386,0.02528,0.35035,0.031408,,51.6676,87.8103,7.0
usa46.dat,0.065836,0.237237,0.02175,0.427427,0.023607,,70.6974,87.7726,3.0
naca634221.dat,0.210114,0.34034,0.011036,0.514515,0.045992,,60.6664,87.7116,8.0
goe320.dat,0.124152,0.246246,0.062047,0.331331,0.052191,,72.12,87.7018,6.0
rg15a111.dat,0.110015,0.314314,0.017966,0.394394,0.026075,11.2969,72.1686,87.6654,5.0
hq159.dat,0.0897,0.341341,0.014986,0.495495,0.020158,7.0477,63.0281,87.6535,3.0
naca643218.dat,0.180013,0.371371,0.011033,0.510511,0.037704,,56.645,87.5511,7.0
goe386.dat,0.203068,0.266266,0.054416,0.386386,0.067399,,70.5174,87.4979,4.0
ls421.dat,0.209062,0.385385,0.021394,0.631632,0.050972,9.2703,61.9719,87.4953,4.0
s5020.dat,0.084045,0.276276,0.02619,0.276276,0.023291,4.2095,67.6505,87.4778,6.0
goe165.dat,0.1226,0.232232,0.057607,0.514515,0.032853,,69.3988,87.4514,5.0
e850.dat,0.079953,0.363363,0.018336,0.707708,0.017246,10.111,49.5398,87.4405,2.0
fx66h80.dat,0.080028,0.275275,0.024704,0.254254,0.019069,7.7943,51.9506,87.4225,6.0
s8036.dat,0.160118,0.358358,0.018524,0.35035,0.036386,23.2291,63.0536,87.3935,6.0
goe702.dat,0.169194,0.237237,0.051241,0.371371,0.053404,,71.3107,87.3125,8.0
du-80-176-v1.dat,0.175889,0.394394,0.03,0.362362,0.031733,12.074,66.5051,87.238,8.0
goe617.dat,0.139001,0.329329,0.021933,0.356356,0.028182,,65.4163,87.1969,6.0
sd7084.dat,0.096291,0.294294,0.023088,0.379379,0.024755,9.0754,75.5056,87.1947,6.0
goe244.dat,0.178403,0.229229,0.099938,0.508509,0.074306,,71.9997,87.1839,0.0
naca2412.dat,0.120002,0.298298,0.020009,0.41041,0.025517,,70.1496,87.1451,5.0
eh2010.dat,0.100816,0.296296,0.019999,0.25025,0.026455,9.2962,59.9817,87.1297,7.0
e546.dat,0.162769,0.386386,0.017732,0.277277,0.03091,14.2456,63.295,87.0364,7.0
goe612.dat,0.151083,0.256256,0.05057,0.457457,0.048202,,74.066,86.9935,2.0
goe604.dat,0.179396,0.26026,0.053991,0.334334,0.053727,,77.7266,86.9596,6.0
n6h15.dat,0.155806,0.402402,0.045499,0.368368,0.023939,,50.2888,86.8838,8.0
n2414.dat,0.140085,0.299299,0.020011,0.408408,0.037104,18.0833,69.972,86.8628,6.0
rg12a189.dat,0.09,0.324324,0.018003,0.35035,0.021075,9.9223,63.4689,86.8034,4.0
rg12a.dat,0.09,0.324324,0.018003,0.35035,0.021075,9.9223,65.7466,86.7906,4.0
e336.dat,0.12808,0.292292,0.028029,0.22022,0.025571,15.0824,57.9372,86.7819,10.0
m12.dat,0.119812,0.334334,0.020693,0.342342,0.024204,,65.3197,86.7734,6.0
m6.dat,0.120777,0.341341,0.022173,0.31031,0.024316,,61.5261,86.7648,6.0
ls413mod.dat,0.130218,0.344344,0.019908,0.335335,0.030451,3.3022,75.9307,86.7596,3.0
goe383.dat,0.202332,0.305305,0.05003,0.348348,0.05768,,75.9585,86.6429,6.0
hq158.dat,0.079756,0.334334,0.014933,0.508509,0.018562,6.9394,55.6246,86.6274,3.0
stcyr234.dat,0.161145,0.24024,0.086574,0.347347,0.046479,,58.3847,86.5983,0.0
mh82.dat,0.133086,0.23023,0.040196,0.247247,0.03444,4.5058,70.8389,86.577,9.0
goe587.dat,0.05804,0.382382,0.030013,0.342342,0.018045,,46.233,86.5762,3.0
rc12n1.dat,0.120253,0.384384,0.013817,0.28028,0.026834,13.3461,54.7728,86.526,5.0
goe738.dat,0.154441,0.292292,0.021284,0.312312,0.035499,,61.7745,86.4943,6.0
n2415.dat,0.150092,0.299299,0.02001,0.408408,0.039876,19.359,69.005,86.4671,6.0
goe770.dat,0.209961,0.31031,0.040426,0.292292,0.04391,,69.178,86.4238,7.0
goe677.dat,0.119939,0.333333,0.022882,0.311311,0.024077,,61.415,86.3807,6.0
naca001264a08cli0.2.dat,0.11024,0.436436,0.01854,0.329329,0.025216,,60.4934,86.3798,3.0
hq159b.dat,0.089781,0.347347,0.014991,0.503504,0.022526,6.6132,65.2322,86.377,3.0
goe676.dat,0.119539,0.336336,0.020505,0.325325,0.02333,,64.935,86.3755,6.0
ah93w215.dat,0.21224,0.332332,0.030522,0.395395,0.048413,23.886,67.2893,86.336,8.0
e543.dat,0.17249,0.417417,0.018801,0.304304,0.028499,15.6169,59.0605,86.3158,7.0
ds21.dat,0.086001,0.284284,0.017999,0.41041,0.023722,6.949,69.2102,86.1995,4.0
naca654221.dat,0.209989,0.4004,0.011035,0.513514,0.040083,,51.6891,86.0998,7.0
goe384.dat,0.195762,0.303303,0.068636,0.367367,0.058244,,76.0294,85.9552,2.0
mh106.dat,0.130671,0.271271,0.010043,0.256256,0.029967,11.8042,55.1218,85.9163,7.0
s8055.dat,0.120023,0.345345,0.020487,0.407407,0.029848,11.1222,69.3023,85.9032,4.0
naca2410.dat,0.100062,0.298298,0.020013,0.412412,0.028138,,68.5314,85.8605,4.0
naca2415.dat,0.150008,0.296296,0.020014,0.412412,0.033472,,68.7152,85.812,6.0
usa34.dat,0.180672,0.276276,0.07708,0.401401,0.060513,,70.0663,85.7527,5.0
naca653218.dat,0.179995,0.403403,0.011032,0.50951,0.034825,,50.3226,85.7173,6.0
mh46.dat,0.11355,0.282282,0.018711,0.347347,0.028409,2.3717,59.0007,85.7152,6.0
s5010.dat,0.098299,0.279279,0.022011,0.286286,0.027838,5.1092,67.463,85.7004,6.0
usa27m2.dat,0.134616,0.246246,0.05142,0.362362,0.027386,,73.5329,85.6136,7.0
usa48.dat,0.149148,0.316316,0.028819,0.419419,0.025039,,67.9692,85.6027,6.0
mh43.dat,0.085005,0.297297,0.017778,0.381381,0.019476,5.5576,63.4384,85.5322,4.0
nlf415.dat,0.150189,0.461461,0.029651,0.718719,0.025007,16.4783,43.2585,85.5037,4.0
goe382.dat,0.200725,0.307307,0.060752,0.349349,0.058626,,76.5386,85.4862,4.0
raf6prop_sm.dat,0.120088,0.337337,0.060045,0.337337,0.03317,,77.0529,85.4409,2.0
goe621.dat,0.151083,0.256256,0.050568,0.457457,0.048202,,35.7267,85.4316,2.0
n9.dat,0.084664,0.282282,0.0424,0.27027,0.018847,,72.5175,85.4241,3.0
e221.dat,0.09391,0.289289,0.018359,0.312312,0.025808,9.4986,64.3818,85.3803,5.0
e540.dat,0.168832,0.444444,0.016172,0.333333,0.027025,15.9067,56.881,85.2833,6.0
tsagi_r3a.dat,0.12094,0.231231,0.034739,0.228228,0.03559,10.2243,69.1045,85.2221,10.0
hq1510.dat,0.099665,0.341341,0.014986,0.496496,0.021896,7.5234,65.4415,85.1522,4.0
goe711.dat,0.148631,0.317317,0.065649,0.35035,0.026393,,77.151,85.1482,4.0
wb140.dat,0.139549,0.326326,0.037006,0.466466,0.022964,,63.8467,85.1015,4.0
goe368.dat,0.077176,0.143143,0.038233,0.326326,0.02878,,58.1607,85.034,5.0
goe769.dat,0.1382,0.2002,0.047935,0.304304,0.041886,,73.6224,85.0333,6.0
fx63143.dat,0.14319,0.338338,0.030883,0.312312,0.026617,10.3097,65.976,85.0203,7.0
goe315.dat,0.081003,0.323323,0.040981,0.303303,0.02982,,66.7588,84.977,4.0
ag37.dat,0.077411,0.268268,0.038799,0.254254,0.022794,9.2081,68.942,84.9704,4.0
m11.dat,0.081837,0.336336,0.018856,0.327327,0.017639,,47.5741,84.9528,4.0
s3016.dat,0.095223,0.289289,0.02089,0.396396,0.025256,7.4136,72.6623,84.9028,4.0
goe683.dat,0.199001,0.299299,0.029558,0.314314,0.043992,,57.6255,84.8683,8.0
e502.dat,0.15673,0.434434,0.015309,0.34034,0.024955,14.6629,52.4015,84.8223,6.0
hq1585.dat,0.085714,0.33033,0.014958,0.511512,0.016754,,52.957,84.761,3.0
e1230.dat,0.174577,0.296296,0.0361,0.265265,0.043738,23.2616,67.9845,84.7089,8.0
mh30.dat,0.078453,0.294294,0.017493,0.441441,0.018989,7.372,65.6407,84.6647,3.0
b737c.dat,0.100302,0.379379,0.014503,0.209209,0.015231,,58.594,84.452,4.0
fx60157.dat,0.156791,0.393393,0.027166,0.751752,0.030242,10.2009,70.769,84.4108,3.0
n63215.dat,0.15003,0.345345,0.011031,0.506507,0.033088,,58.6252,84.4024,6.0
e330.dat,0.110415,0.3003,0.021803,0.18018,0.027176,13.374,55.1948,84.4,8.0
m685.dat,0.10268,0.341341,0.018835,0.307307,0.020248,,60.295,84.3548,5.0
giiig.dat,0.082914,0.44044,0.012991,0.288288,0.022649,,43.2387,84.3427,6.0
goe510.dat,0.138477,0.235235,0.05887,0.365365,0.04813,,70.4243,84.3411,6.0
mh81.dat,0.130002,0.231231,0.035137,0.229229,0.032678,4.8585,66.5627,84.303,10.0
usa33.dat,0.142009,0.314314,0.0486,0.293293,0.05484,,62.7985,84.2628,7.0
eiffel430.dat,0.097091,0.158158,0.063038,0.406406,0.028586,,58.5617,84.175,6.0
oaf117.dat,0.114678,0.231231,0.020273,0.453453,0.03409,1.7661,66.773,84.1094,6.0
e1212.dat,0.177302,0.215215,0.032096,0.364364,0.0485,12.3534,67.3881,84.0014,8.0
s1223rtl.dat,0.135182,0.193193,0.084613,0.532533,0.040832,10.0319,79.7627,83.9357,6.0
usa40b.dat,0.136381,0.211211,0.040114,0.368368,0.037212,,74.7896,83.9208,7.0
cast102.dat,0.1219,0.44044,0.015446,0.707708,0.02636,15.5754,61.8591,83.8024,3.0
naca64a210.dat,0.100006,0.386386,0.013309,0.517518,0.023906,,51.0783,83.7563,3.0
ag52.dat,0.083523,0.285285,0.017679,0.41041,0.023189,10.1795,68.2331,83.6841,4.0
mrc15.dat,0.124932,0.341341,0.012656,0.424424,0.027452,15.8377,61.3119,83.5835,5.0
mh61.dat,0.102583,0.299299,0.015148,0.377377,0.02512,4.8372,56.5829,83.5621,5.0
c141e.dat,0.105114,0.4004,0.018036,0.488488,0.028289,18.4527,63.2781,83.5193,3.0
fx082512.dat,0.118,0.249249,0.041702,0.654655,0.018218,11.3612,64.7415,83.5099,1.0
defcnd3.dat,0.114851,0.288288,0.023792,0.273273,0.030326,15.7078,71.4552,83.4818,7.0
ag53.dat,0.080784,0.278278,0.018004,0.4004,0.023788,9.4241,67.8602,83.3426,4.0
goe390.dat,0.203265,0.282282,0.069011,0.39039,0.069844,,74.0308,83.3303,3.0
du84132v.dat,0.136352,0.33033,0.030558,0.445445,0.032088,11.4738,74.6034,83.2997,6.0
sd7090.dat,0.099973,0.279279,0.018683,0.375375,0.026642,11.5217,72.0442,83.2745,5.0
rc12b3.dat,0.120005,0.391391,0.022221,0.332332,0.030177,21.8896,65.9798,83.1575,5.0
rg14.dat,0.084753,0.309309,0.015837,0.37037,0.023256,9.4281,63.4466,83.0675,4.0
mh22.dat,0.072003,0.278278,0.018073,0.349349,0.017934,6.9681,62.7266,83.0571,4.0
isa961.dat,0.093295,0.244244,0.05712,0.339339,0.021465,,68.2933,83.021,4.0
usa50.dat,0.070574,0.326326,0.019511,0.392392,0.013851,,71.1181,82.9933,3.0
n64215.dat,0.1501,0.374374,0.011031,0.506507,0.03204,,55.0627,82.8604,5.0
naca642215.dat,0.1501,0.374374,0.011031,0.506507,0.03204,,55.0627,82.8604,5.0
e327.dat,0.131214,0.322322,0.026041,0.218218,0.025859,13.9469,52.2095,82.8234,10.0
ag45c03.dat,0.069304,0.231231,0.025754,0.385385,0.023584,4.4727,62.7215,82.8204,6.0
ag54.dat,0.075339,0.263263,0.01869,0.384384,0.022763,7.8877,70.6897,82.7367,4.0
mh60.dat,0.100857,0.272272,0.018216,0.349349,0.027024,4.5813,65.4077,82.5531,6.0
goe401.dat,0.071208,0.275275,0.048647,0.304304,0.030136,,67.7673,82.5471,4.0
m9.dat,0.104765,0.169169,0.072709,0.339339,0.027514,,69.9085,82.3844,6.0
ag16.dat,0.071152,0.228228,0.018707,0.463463,0.023258,4.5078,64.856,82.3049,4.0
naca652215.dat,0.149988,0.405405,0.01103,0.503504,0.029988,,50.3337,82.2416,5.0
s102s.dat,0.150013,0.41041,0.020715,0.670671,0.030434,9.1311,61.3484,82.1943,4.0
hq1512.dat,0.119607,0.344344,0.014985,0.496496,0.025529,9.1132,65.2286,82.1799,4.0
ys915.dat,0.090952,0.357357,0.017584,0.665666,0.019976,16.261,49.7731,82.1721,2.0
naca4421.dat,0.210308,0.303303,0.040071,0.421421,0.054374,,70.1539,82.1672,6.0
clarkyh.dat,0.119061,0.308308,0.059504,0.303303,0.024752,,66.5612,82.1408,4.0
ag17.dat,0.064884,0.221221,0.020155,0.451451,0.022714,4.2369,66.22,82.1271,4.0
rg1410.dat,0.1,0.309309,0.015839,0.371371,0.029256,11.2236,65.3,82.1031,4.0
mh108.dat,0.119843,0.246246,0.011244,0.205205,0.030202,10.9234,55.6143,82.0914,8.0
usa51.dat,0.093414,0.284284,0.025663,0.291291,0.017443,,62.9087,82.0034,4.0
mh80.dat,0.127157,0.232232,0.030031,0.21021,0.036735,5.2391,61.6878,82.0033,10.0
naca651212a06.dat,0.119982,0.407407,0.014776,0.477477,0.025616,,48.8634,81.9466,4.0
oa212.dat,0.120117,0.309309,0.022912,0.314314,0.032771,2.9822,58.8578,81.9173,8.0
rg1495.dat,0.095,0.309309,0.015839,0.371371,0.028235,10.664,65.403,81.861,4.0
ag18.dat,0.05868,0.211211,0.021625,0.44044,0.022205,3.9681,67.1518,81.8521,4.0
e625.dat,0.130015,0.306306,0.028989,0.221221,0.029464,17.2713,57.2701,81.8352,9.0
raf19.dat,0.105899,0.129129,0.102099,0.361361,0.028483,,77.6935,81.8286,6.0
n5h20.dat,0.199243,0.414414,0.044609,0.382382,0.034253,,55.3901,81.8184,8.0
august160.dat,0.160396,0.255255,0.05387,0.25025,0.036833,14.0441,70.7824,81.7831,9.0
e1233.dat,0.189389,0.309309,0.043236,0.291291,0.045031,18.1535,71.401,81.6998,8.0
coanda3.dat,0.070206,0.364364,0.042174,0.345345,0.015287,,32.8432,81.696,3.0
naca2418.dat,0.18,0.299299,0.020012,0.411411,0.043075,,63.9641,81.6935,7.0
naca2408.dat,0.080049,0.299299,0.020012,0.411411,0.024186,,68.4824,81.6854,3.0
ag19.dat,0.054037,0.199199,0.022722,0.427427,0.02186,3.7804,68.1723,81.6779,4.0
ag44ct02r.dat,0.072905,0.243243,0.019427,0.338338,0.023339,6.8162,62.4463,81.6351,5.0
rc10n1.dat,0.100149,0.383383,0.014977,0.272272,0.024066,11.0003,56.2426,81.611,5.0
hq1511.dat,0.110022,0.345345,0.014991,0.503504,0.024337,8.0447,64.453,81.5026,4.0
rg149.dat,0.09,0.309309,0.015839,0.371371,0.027249,10.1039,65.2842,81.4967,4.0
s102b.dat,0.150013,0.41041,0.020715,0.670671,0.030434,8.9738,62.2512,81.4846,4.0
goe344.dat,0.072032,0.2002,0.027224,0.37037,0.028275,,68.6724,81.4313,6.0
cal4014l.dat,0.100075,0.259259,0.018404,0.31031,0.026749,3.7101,61.4777,81.4066,7.0
fx69h098.dat,0.0989,0.281281,0.017405,0.231231,0.024801,15.418,64.4631,81.4047,7.0
arad10.dat,0.100032,0.235235,0.039945,0.368368,0.033514,10.5569,76.3391,81.3942,3.0
falcon.dat,0.136795,0.311311,0.015757,0.214214,0.030731,20.9868,60.8823,81.3814,7.0
mh24.dat,0.090052,0.385385,0.013141,0.371371,0.019058,12.2394,56.6113,81.3801,3.0
fx84w218.dat,0.219667,0.334334,0.032298,0.421421,0.053166,11.7111,66.8817,81.3545,7.0
rg12.dat,0.092734,0.324324,0.013844,0.362362,0.024154,9.5971,62.258,81.2153,4.0
ag38.dat,0.070404,0.282282,0.035276,0.269269,0.022139,8.8394,66.2598,81.1804,3.0
as5048.dat,0.180022,0.394394,0.011962,0.238238,0.032784,23.7829,59.9993,81.1799,5.0
goe601.dat,0.161362,0.346346,0.024807,0.526527,0.037805,,64.4715,81.1479,4.0
goe735.dat,0.201831,0.271271,0.043805,0.287287,0.045929,,62.0232,81.0688,7.0
ag55.dat,0.065674,0.242242,0.019881,0.364364,0.022141,5.9049,66.4875,81.0549,4.0
c141d.dat,0.10766,0.4004,0.015447,0.499499,0.027474,18.695,60.613,81.052,3.0
s8065.dat,0.110043,0.382382,0.011759,0.528529,0.025045,10.9306,55.2138,81.0379,4.0
s8052.dat,0.118951,0.335335,0.01573,0.375375,0.029027,9.3667,64.8306,80.9544,5.0
e1212mod.dat,0.177689,0.22022,0.026151,0.368368,0.048641,,60.921,80.8848,10.0
goe647.dat,0.164509,0.238238,0.053367,0.384384,0.051988,,74.0761,80.8786,5.0
e335.dat,0.125934,0.305305,0.02371,0.202202,0.029867,15.0614,52.2788,80.8258,9.0
rhodesg34.dat,0.142007,0.254254,0.070917,0.256256,0.033168,,74.7873,80.8182,6.0
fx66h60.dat,0.060207,0.232232,0.01684,0.171171,0.017524,6.8213,44.9702,80.7624,6.0
s6062.dat,0.07953,0.306306,0.015892,0.401401,0.018598,5.7481,51.2696,80.6484,3.0
mh45.dat,0.098531,0.266266,0.017097,0.342342,0.026641,4.4042,63.5229,80.643,6.0
mh23.dat,0.079963,0.36036,0.012797,0.387387,0.022684,11.1243,62.5047,80.6336,3.0
nlf0115.dat,0.149894,0.423423,0.018367,0.3003,0.030748,14.8631,59.8352,80.6271,5.0
df102.dat,0.110047,0.283283,0.023048,0.433433,0.032898,11.2387,69.3612,80.4855,3.0
fx78k161.dat,0.161622,0.407407,0.028466,0.384384,0.027463,11.3979,45.1963,80.4828,7.0
avistar.dat,0.145221,0.34034,0.021892,0.38038,0.030699,21.6577,51.7424,80.4415,4.0
ag45ct02r.dat,0.068963,0.237237,0.018532,0.323323,0.023325,5.7201,64.3138,80.3937,5.0
nlf414f.dat,0.141811,0.451451,0.024125,0.516517,0.027858,7.5766,43.4898,80.3752,5.0
ag14.dat,0.05371,0.196196,0.021039,0.403403,0.021796,3.7293,64.9431,80.3148,4.0
ls421mod.dat,0.209614,0.329329,0.020802,0.254254,0.055758,5.0209,67.1966,80.3045,6.0
p51droot.dat,0.165533,0.368368,0.012669,0.693694,0.03977,10.6548,54.1865,80.2806,6.0
rc08n1.dat,0.080192,0.384384,0.015605,0.269269,0.021378,8.6996,45.5782,80.2274,4.0
mh25.dat,0.09985,0.403403,0.014669,0.388388,0.02001,14.8974,58.219,80.187,3.0
goe512.dat,0.139882,0.225225,0.056774,0.331331,0.046872,,63.8406,80.0262,7.0
goe625.dat,0.200063,0.292292,0.062613,0.359359,0.047307,,70.6425,80.0125,7.0
e182.dat,0.08474,0.32032,0.017242,0.366366,0.023116,5.361,51.9656,80.006,4.0
sd8000.dat,0.08876,0.275275,0.017158,0.474474,0.025102,6.3772,69.4137,79.9987,4.0
mh62.dat,0.092978,0.269269,0.016444,0.365365,0.025589,4.344,62.79,79.9556,6.0
mh44.dat,0.096599,0.278278,0.015408,0.352352,0.025818,8.6077,64.2525,79.9547,5.0
s2050.dat,0.08934,0.299299,0.012573,0.413413,0.024371,6.6977,62.9186,79.9401,4.0
ag13.dat,0.058349,0.209209,0.019749,0.423423,0.02147,3.9106,67.3382,79.7855,4.0
goe481a.dat,0.153773,0.259259,0.055086,0.417417,0.057388,,62.6739,79.7469,7.0
eh2070.dat,0.070023,0.295295,0.019943,0.249249,0.021344,6.3676,45.4319,79.7189,5.0
pfcm.dat,0.082007,0.386386,0.013312,0.517518,0.014364,,35.3094,79.6837,3.0
goe765.dat,0.144011,0.301301,0.019016,0.256256,0.037122,18.5624,53.9607,79.6073,8.0
c141c.dat,0.109883,0.4004,0.01317,0.512513,0.026211,18.7042,57.2714,79.5212,3.0
goe648.dat,0.152805,0.25025,0.03925,0.369369,0.048201,,71.8867,79.4666,8.0
ag12.dat,0.062375,0.214214,0.018488,0.431431,0.02033,4.0453,68.2453,79.4548,4.0
goe286.dat,0.094111,0.263263,0.04113,0.33033,0.03228,,63.5768,79.4531,6.0
c5c.dat,0.11104,0.402402,0.014054,0.672673,0.026995,,57.4729,79.407,3.0
amsoil1.dat,0.116278,0.399399,0.020795,0.421421,0.029913,10.7874,60.6499,79.4008,3.0
v23010.dat,0.101887,0.287287,0.017542,0.15015,0.031358,,59.0587,79.2994,8.0
s8064.dat,0.123427,0.394394,0.011792,0.538539,0.026555,12.2127,54.7593,79.1765,4.0
goe766.dat,0.120146,0.26026,0.014905,0.184184,0.029338,,56.7464,79.1354,8.0
e542.dat,0.168897,0.421421,0.019167,0.299299,0.027663,16.3521,52.8801,79.0975,7.0
fx75vg166.dat,0.16726,0.434434,0.024294,0.414414,0.028256,11.1215,44.1598,79.0631,7.0
as5045.dat,0.150005,0.372372,0.010209,0.257257,0.031344,8.248,60.011,79.0279,5.0
eh1590.dat,0.089965,0.296296,0.014957,0.25025,0.024465,8.2954,54.9703,79.0087,6.0
goe572.dat,0.186188,0.285285,0.083289,0.311311,0.057613,,63.8064,78.9967,3.0
ls417mod.dat,0.170061,0.293293,0.02327,0.205205,0.043927,8.5322,65.1018,78.9814,9.0
n63212.dat,0.120013,0.348348,0.011056,0.528529,0.027721,,55.3256,78.9142,4.0
n64212.dat,0.120013,0.377377,0.011031,0.504505,0.027001,,56.4176,78.8736,4.0
rg14a147.dat,0.070009,0.309309,0.014002,0.361361,0.018489,8.2641,62.9382,78.8443,3.0
e541.dat,0.166435,0.462462,0.016821,0.342342,0.026175,13.9122,49.7373,78.72,6.0
arad20.dat,0.200178,0.263263,0.037641,0.226226,0.059461,12.4386,63.4437,78.68,9.0
usa31.dat,0.149679,0.223223,0.093843,0.414414,0.056226,,71.1426,78.6157,3.0
ag03.dat,0.062376,0.251251,0.020249,0.323323,0.02097,6.6561,66.2427,78.5829,5.0
ag455ct02r.dat,0.064751,0.227227,0.018347,0.319319,0.023156,4.9244,63.6664,78.5513,5.0
hq108.dat,0.07975,0.34034,0.009985,0.495495,0.018482,6.0348,39.0269,78.5491,3.0
e1213.dat,0.174078,0.218218,0.020594,0.333333,0.051024,12.4744,58.7307,78.418,8.0
mh26.dat,0.109911,0.417417,0.015166,0.406406,0.020903,18.7696,57.2447,78.3992,3.0
b29root.dat,0.220665,0.328328,0.017728,0.349349,0.046806,,49.0945,78.2978,10.0
hq1010.dat,0.09962,0.343343,0.009997,0.489489,0.021735,7.6308,57.9709,78.2485,4.0
sd7003.dat,0.085138,0.247247,0.014571,0.35035,0.027984,5.4088,65.5738,78.1592,6.0
pmc19sm.dat,0.091945,0.345345,0.021245,0.175175,0.020436,5.5498,48.1384,78.1109,6.0
pt40.dat,0.115967,0.263263,0.028806,0.411411,0.043243,15.5723,64.5947,78.1099,7.0
dga1138.dat,0.069457,0.358358,0.040982,0.349349,0.016409,,65.613,78.1036,1.0
hq109.dat,0.089818,0.344344,0.010001,0.493493,0.020052,6.7418,55.3953,78.079,3.0
goe704.dat,0.129498,0.298298,0.021485,0.367367,0.036121,,60.823,77.9509,8.0
mh110.dat,0.10012,0.24024,0.011371,0.157157,0.025947,9.7177,48.3754,77.9291,8.0
m5.dat,0.082593,0.348348,0.020673,0.303303,0.023304,,50.9682,77.9204,5.0
mh64.dat,0.085946,0.265265,0.01489,0.382382,0.024386,3.984,58.8621,77.8571,5.0
mh91.dat,0.149928,0.282282,0.016826,0.162162,0.036477,8.0761,48.1444,77.8551,9.0
giiih.dat,0.083422,0.424424,0.012977,0.284284,0.023175,,43.5597,77.8068,3.0
ag11.dat,0.058127,0.257257,0.022883,0.291291,0.02191,6.1315,67.25,77.6655,5.0
glennmartin2.dat,0.135368,0.222222,0.076693,0.31031,0.026879,,66.9174,77.5941,7.0
arad13.dat,0.13,0.251251,0.036121,0.307307,0.041635,11.3868,68.1516,77.525,8.0
n5h15.dat,0.154627,0.37037,0.029645,0.334334,0.023334,,46.8846,77.5234,7.0
e1214.dat,0.198491,0.241241,0.021255,0.323323,0.05464,15.9946,56.0228,77.4723,9.0
ste87151.dat,0.139491,0.463463,0.035571,0.011011,0.028123,13.8016,48.3233,77.3532,4.0
jx-gs-15.dat,0.076,0.28028,0.014626,0.403403,0.021125,9.1916,65.2114,77.2999,4.0
raf15.dat,0.065106,0.165165,0.026127,0.32032,0.017781,,43.4301,77.2797,6.0
ah94w301.dat,0.301034,0.304304,0.010706,0.806807,0.081016,19.4813,53.3698,77.2088,10.0
giiif.dat,0.082644,0.447447,0.013024,0.291291,0.022407,,43.9018,77.1651,3.0
as5046.dat,0.160027,0.377377,0.010818,0.213213,0.033574,13.6503,60.8276,77.1553,5.0
goe681.dat,0.169261,0.251251,0.043538,0.4004,0.052397,,68.0636,77.1406,4.0
c5d.dat,0.110547,0.4004,0.013548,0.5996,0.027396,,58.079,77.118,3.0
s6063.dat,0.06974,0.286286,0.014203,0.411411,0.017548,4.852,61.3871,77.1031,6.0
fx63145.dat,0.144727,0.304304,0.0404,0.372372,0.02967,5.6922,67.7203,77.0731,7.0
atr72sm.dat,0.145272,0.255255,0.028715,0.213213,0.039336,12.9509,59.915,77.0445,10.0
e473.dat,0.1619,0.212212,0.0,0.0,0.042537,18.8511,46.5832,77.0431,10.0
e169.dat,0.144045,0.267267,0.0,0.0,0.033511,10.9909,49.7795,77.0404,7.0
du8608418.dat,0.084561,0.36036,0.011201,0.434434,0.020537,5.57,46.997,77.0366,3.0
v43012.dat,0.120494,0.307307,0.036724,0.144144,0.032094,16.0176,62.1787,76.9616,8.0
vr8.dat,0.08153,0.341341,0.012764,0.337337,0.017767,7.6197,44.7812,76.8753,4.0
ag04.dat,0.064238,0.222222,0.017526,0.397397,0.021061,5.767,54.4631,76.6196,5.0
jx-gs-10.dat,0.074099,0.265265,0.014707,0.361361,0.020979,7.8971,57.1547,76.6015,4.0
k3.dat,0.173155,0.338338,0.01353,0.72973,0.048682,9.8566,57.9364,76.5006,1.0
naca23012.dat,0.120059,0.3003,0.036577,0.003003,0.032081,15.5634,59.3099,76.3843,9.0
e226.dat,0.101985,0.298298,0.009837,0.436436,0.026121,8.8003,55.3716,76.3711,4.0
s1046.dat,0.170276,0.286286,0.0,0.0,0.038822,12.5042,48.3501,76.3441,9.0
goe16k.dat,0.181531,0.491491,0.041123,0.535536,0.032002,,36.6005,76.3264,4.0
e326.dat,0.128812,0.323323,0.021781,0.199199,0.030293,13.9289,45.2823,76.2144,10.0
doa5.dat,0.162198,0.413413,0.025548,0.767768,0.035763,16.9652,61.6285,76.1829,3.0
e186.dat,0.102751,0.308308,0.013154,0.288288,0.024638,9.2265,47.8995,76.125,6.0
s4094.dat,0.099065,0.28028,0.024271,0.355355,0.026025,5.073,63.1647,76.1236,7.0
b707e.dat,0.09009,0.418418,0.017791,0.339339,0.019603,12.7836,55.3285,76.1196,2.0
goe679.dat,0.183779,0.258258,0.045345,0.396396,0.058889,,64.7735,76.0801,6.0
clarkys.dat,0.117071,0.283283,0.023516,0.288288,0.024243,,55.7977,75.9623,8.0
e479.dat,0.165734,0.25025,0.0,0.0,0.041747,12.6862,48.1109,75.8979,8.0
mh92.dat,0.154987,0.285285,0.016817,0.16016,0.037239,8.4146,45.7993,75.8916,10.0
clarym18.dat,0.180091,0.281281,0.035599,0.41041,0.054317,,68.0586,75.8811,5.0
bacnlf.dat,0.100808,0.431431,0.014099,0.750751,0.020332,13.511,49.2179,75.827,3.0
ames01.dat,0.102883,0.325325,0.014173,0.165165,0.024527,9.0843,55.1086,75.771,9.0
hh02.dat,0.09574,0.307307,0.020206,0.408408,0.021388,0.021,57.447,75.7529,6.0
ag08.dat,0.058305,0.206206,0.018029,0.395395,0.020562,5.7482,50.0257,75.7075,5.0
giiii.dat,0.084543,0.391391,0.013298,0.271271,0.02471,,53.9564,75.571,3.0
naca64208.dat,0.080003,0.382382,0.01103,0.501502,0.021278,,46.7527,75.5476,3.0
b707d.dat,0.089798,0.416416,0.020001,0.304304,0.014837,,56.2032,75.5438,2.0
naca632a015.dat,0.149977,0.358358,0.016963,0.14014,0.030077,17.6895,57.9636,75.5197,8.0
s3.dat,0.110019,0.294294,0.018354,0.137137,0.021108,,55.3327,75.4743,7.0
e858.dat,0.227467,0.278278,0.048449,0.446446,0.052264,23.9649,63.941,75.4282,9.0
goe767.dat,0.120005,0.196196,0.015072,0.183183,0.033589,,55.6793,75.4107,8.0
hq1012.dat,0.119609,0.342342,0.010001,0.492492,0.02549,9.019,59.7121,75.3724,6.0
tempest3.dat,0.1,0.378378,0.010346,0.399399,0.022486,15.9009,47.3569,75.3472,4.0
jx-gs-06.dat,0.070999,0.248248,0.014654,0.325325,0.020959,7.2464,60.6641,75.3386,5.0
fxs02196.dat,0.195921,0.363363,0.03741,0.441441,0.034916,7.5072,52.5004,75.0772,3.0
marske3.dat,0.120709,0.278278,0.027605,0.147147,0.026971,,49.9394,75.016,9.0
bte-fk.dat,0.121298,0.237237,0.018921,0.484484,0.034762,12.0347,65.2631,74.9463,6.0
naca63209.dat,0.090009,0.35035,0.01103,0.502503,0.023061,,49.0789,74.8355,3.0
bacxxx.dat,0.113113,0.356356,0.013981,0.139139,0.022411,,64.2858,74.8019,7.0
jx-gs-04.dat,0.069,0.232232,0.014782,0.302302,0.022418,6.4119,58.996,74.7569,5.0
s1048.dat,0.140012,0.29029,0.0,0.0,0.031412,11.3303,47.7187,74.6749,7.0
c5b.dat,0.115504,0.399399,0.012156,0.705706,0.027153,,55.7208,74.6484,3.0
goe167.dat,0.101424,0.327327,0.046091,0.348348,0.030262,,59.8382,74.6424,8.0
ag46ct02r.dat,0.060848,0.227227,0.016893,0.324324,0.022314,4.9144,62.5157,74.6321,4.0
goe575.dat,0.1335,0.303303,0.03621,0.365365,0.042841,,60.5663,74.5898,7.0
oa209.dat,0.090117,0.304304,0.015584,0.162162,0.025895,2.1381,54.7209,74.5843,8.0
e478.dat,0.157075,0.248248,1e-06,0.934935,0.039297,12.8774,48.4598,74.563,8.0
p51dtip.dat,0.114482,0.485485,0.013029,0.478478,0.026749,7.2108,44.8857,74.5481,4.0
ag46c03.dat,0.060265,0.232232,0.022785,0.418418,0.022286,4.1818,57.3644,74.465,5.0
fx68h120.dat,0.118106,0.259259,0.023131,0.335335,0.028201,10.2179,59.2047,74.4247,7.0
ms313.dat,0.131388,0.378378,0.015794,0.647648,0.031303,5.9417,63.6031,74.4176,2.0
goe435.dat,0.262207,0.272272,0.046991,0.534535,0.083061,,59.8452,74.4078,5.0
e426.dat,0.108537,0.221221,0.007248,0.43043,0.032455,7.2279,55.8784,74.4016,8.0
eh2510.dat,0.099945,0.296296,0.02493,0.25025,0.020652,9.9046,55.1223,74.3577,5.0
m10.dat,0.062216,0.341341,0.019257,0.335335,0.022156,,56.3195,74.3133,3.0
rc510.dat,0.099673,0.39039,0.022105,0.277277,0.028716,11.2766,63.6218,74.3005,3.0
goe522.dat,0.219149,0.275275,0.052197,0.453453,0.064622,,61.6575,74.2775,6.0
rc10b3.dat,0.099781,0.391391,0.017087,0.321321,0.025979,18.4804,59.0437,74.2377,4.0
oa213.dat,0.125676,0.326326,0.033198,0.259259,0.032394,1.8859,61.5261,74.172,7.0
ag09.dat,0.048637,0.177177,0.018586,0.329329,0.020057,4.5414,54.0713,74.0951,5.0
naca64209.dat,0.090012,0.38038,0.01103,0.502503,0.022616,,40.158,74.082,3.0
fx83w227.dat,0.226492,0.346346,0.034406,0.409409,0.049578,27.0694,57.7671,73.9623,8.0
raf69.dat,0.206481,0.309309,0.017259,0.464464,0.043591,,54.1807,73.8101,8.0
tsagi8.dat,0.079986,0.34034,0.01335,0.3003,0.014772,,31.5405,73.8024,4.0
eh1090.dat,0.089946,0.296296,0.009971,0.25025,0.024434,8.3163,50.3552,73.7472,5.0
e361.dat,0.121253,0.352352,0.016455,0.278278,0.029858,12.9076,54.6878,73.7449,5.0
m4.dat,0.063104,0.335335,0.022063,0.298298,0.020271,,29.392,73.6871,4.0
v43015.dat,0.150317,0.294294,0.036841,0.142142,0.040265,,58.9883,73.6622,7.0
vr13.dat,0.094511,0.346346,0.020417,0.216216,0.025829,13.5765,59.4441,73.6458,9.0
vr14.dat,0.079589,0.346346,0.017193,0.216216,0.022665,11.4412,60.5048,73.6101,8.0
fx77w258.dat,0.261781,0.324324,0.043452,0.271271,0.061908,12.1736,51.2148,73.5892,10.0
e485.dat,0.125293,0.337337,0.01148,0.246246,0.029904,11.7264,54.8257,73.5651,8.0
naca651212.dat,0.119978,0.407407,0.01103,0.503504,0.025603,,47.1025,73.5108,4.0
mh93.dat,0.159951,0.289289,0.016663,0.157157,0.037936,8.771,44.006,73.503,10.0
oaf128.dat,0.127959,0.242242,0.009921,0.442442,0.037965,1.4428,56.1801,73.4784,6.0
e428.dat,0.112072,0.203203,0.006053,0.487487,0.032348,7.9901,53.8918,73.4781,9.0
ncambre.dat,0.115216,0.312312,0.013807,0.163163,0.029401,15.0837,58.275,73.4225,7.0
goe599.dat,0.100084,0.33033,0.015389,0.554555,0.02539,,57.2365,73.4178,2.0
goe627.dat,0.157556,0.288288,0.04075,0.3003,0.033486,,65.506,73.4144,4.0
cap21c.dat,0.155703,0.156156,0.006205,0.232232,0.053782,10.8642,45.1488,73.3988,10.0
mh126.dat,0.250872,0.349349,0.077674,0.447447,0.071984,15.4801,64.5341,73.3964,5.0
s8066.dat,0.100058,0.369369,0.009567,0.001001,0.023976,9.6272,52.5057,73.3285,4.0
naca1412.dat,0.120058,0.3003,0.010008,0.413413,0.032605,,56.9884,73.3124,5.0
naca64206.dat,0.059991,0.384384,0.01103,0.500501,0.018686,,53.3521,73.2979,2.0
giiij.dat,0.085054,0.376376,0.013959,0.26026,0.023424,,56.0044,73.2466,3.0
vr1.dat,0.109872,0.37037,0.015447,0.469469,0.02628,12.8979,53.0196,73.0793,3.0
naca2421.dat,0.210008,0.296296,0.02002,0.415415,0.054481,,57.1861,72.9269,8.0
giiie.dat,0.087876,0.434434,0.011869,0.298298,0.023409,,43.696,72.8429,4.0
naca66206.dat,0.060013,0.458458,0.01103,0.500501,0.017861,,36.3546,72.8356,2.0
naca23015.dat,0.150101,0.298298,0.01844,0.139139,0.033747,,54.8023,72.7065,9.0
naca65206.dat,0.060006,0.413413,0.01103,0.500501,0.018161,,24.8132,72.7003,2.0
v13009.dat,0.090008,0.3003,0.013005,0.212212,0.027347,,57.6161,72.659,7.0
lg10sc.dat,0.09999,0.32032,0.014653,0.156156,0.025277,14.7863,57.6649,72.6108,9.0
supermarine371i.dat,0.130049,0.411411,0.009327,0.521522,0.021656,,49.5173,72.5711,5.0
fx77w270.dat,0.271357,0.332332,0.043406,0.271271,0.062686,9.9586,49.4211,72.5503,10.0
sc21010.dat,0.100018,0.346346,0.000205,0.176176,0.02606,2.1195,50.8629,72.5145,0.0
n63010a.dat,0.099964,0.362362,0.0,0.0,0.016948,,39.6455,72.5043,9.0
mh27.dat,0.119938,0.432432,0.015059,0.408408,0.021786,22.8709,54.4587,72.4848,4.0
mh78.dat,0.144732,0.216216,0.026765,0.166166,0.042801,6.7231,48.4444,72.4803,9.0
naca663218.dat,0.179975,0.455455,0.01103,0.502503,0.03347,,40.6258,72.413,5.0
ames03.dat,0.100003,0.378378,0.012087,0.165165,0.025464,2.1821,51.041,72.3864,8.0
naca65210.dat,0.099967,0.41041,0.01103,0.502503,0.02298,,43.7827,72.3756,3.0
vr12.dat,0.105653,0.346346,0.022824,0.216216,0.028435,15.1449,61.4669,72.3713,8.0
e474.dat,0.14093,0.204204,0.0,0.0,0.038718,13.5205,46.0856,72.3498,10.0
k1.dat,0.115988,0.329329,0.019664,0.736737,0.029431,3.149,58.9146,72.3133,2.0
n64212mb.dat,0.120481,0.354354,0.015081,0.111111,0.035597,,53.0752,72.2959,10.0
goe505.dat,0.141348,0.241241,0.058869,0.398398,0.045015,,66.8463,72.2899,4.0
naca64210.dat,0.100034,0.379379,0.01103,0.502503,0.024,,41.4725,72.2699,3.0
goe416a.dat,0.117105,0.313313,0.013416,0.631632,0.025681,,47.5061,72.2627,6.0
goe531.dat,0.138178,0.206206,0.147211,0.479479,0.059509,,36.5829,72.2427,3.0
e168.dat,0.12446,0.26026,0.0,0.0,0.030098,10.5085,48.6091,72.188,7.0
mh33.dat,0.072751,0.291291,0.010953,0.418418,0.022554,8.0279,53.975,72.0947,3.0
marske4.dat,0.102109,0.22022,0.028447,0.127127,0.025078,,51.4587,71.956,10.0
m665.dat,0.07852,0.341341,0.014404,0.307307,0.015908,,51.9701,71.8622,4.0
naca65209.dat,0.08997,0.411411,0.01103,0.501502,0.021741,,52.2133,71.8484,3.0
e475.dat,0.150028,0.223223,0.0,0.0,0.040465,15.6351,43.8111,71.7762,9.0
nl722362.dat,0.086146,0.379379,0.012516,0.223223,0.02424,15.1431,59.0671,71.6782,7.0
sc20714.dat,0.1396,0.37037,0.014953,0.797798,0.036466,3.1954,59.1753,71.6729,6.0
vr8b.dat,0.080723,0.338338,0.012637,0.334334,0.02215,0.0,46.4216,71.6386,4.0
marske2.dat,0.12068,0.274274,0.027076,0.133133,0.028321,,49.2548,71.6372,9.0
e184.dat,0.083287,0.321321,0.012069,0.349349,0.022184,5.2324,38.3391,71.459,4.0
naca633018.dat,0.180147,0.342342,0.0,0.0,0.035924,7.2151,44.5682,71.4087,7.0
eiffel371.dat,0.144271,0.32032,0.072876,0.251251,0.025906,,60.0999,71.3812,8.0
s8038.dat,0.130085,0.326326,0.008914,0.308308,0.031054,17.0727,56.1869,71.3717,6.0
dfvlrr4.dat,0.133832,0.374374,0.021008,0.800801,0.032245,4.8584,59.3868,71.1043,2.0
goe511.dat,0.16773,0.236236,0.08066,0.342342,0.064018,,58.0551,70.9353,6.0
rae69ck.dat,0.121108,0.379379,0.012642,0.757758,0.026193,9.6705,48.8637,70.9292,3.0
rae2822.dat,0.121108,0.379379,0.012642,0.757758,0.026193,9.6705,48.8637,70.9292,3.0
nacam12.dat,0.119395,0.28028,0.020305,0.336336,0.024203,,54.1819,70.9078,6.0
naca662215.dat,0.149912,0.454454,0.01103,0.501502,0.029013,,41.1956,70.8904,4.0
npl9615.dat,0.113011,0.341341,0.010109,0.199199,0.029501,18.0233,54.7534,70.8418,7.0
naca1410.dat,0.100088,0.313313,0.009751,0.491491,0.0281,,55.8239,70.8143,4.0
giiik.dat,0.08537,0.358358,0.015017,0.252252,0.024306,,57.2196,70.806,4.0
usa32.dat,0.148364,0.23023,0.093381,0.404404,0.0571,,64.766,70.7795,4.0
rhodesg36.dat,0.163475,0.257257,0.08164,0.26026,0.040229,,67.0011,70.7178,5.0
sc2110.dat,0.099253,0.376376,0.019723,0.17017,0.029541,4.338,56.2722,70.6901,8.0
e837.dat,0.161061,0.371371,0.0,0.0,0.031196,11.4055,43.1032,70.6799,6.0
ssca09.dat,0.090002,0.38038,0.011686,0.171171,0.024161,4.2197,52.8173,70.6668,7.0
tempest2.dat,0.120003,0.378378,0.009346,0.399399,0.024335,19.0959,52.4863,70.5739,4.0
vr15.dat,0.079558,0.352352,0.012924,0.191191,0.022627,12.4095,42.4767,70.5625,7.0
n5h10.dat,0.099041,0.408408,0.022631,0.372372,0.016571,10.5631,47.2131,70.4761,5.0
hs1620.dat,0.20016,0.34034,0.040995,0.44044,0.058633,34.4206,59.769,70.4636,2.0
vr11x.dat,0.10988,0.374374,0.024188,0.27027,0.022483,15.9399,58.8371,70.4434,10.0
trainer60.dat,0.183298,0.285285,0.00215,0.017017,0.045597,14.1331,43.0683,70.3588,10.0
giiil.dat,0.085465,0.349349,0.01579,0.247247,0.024792,,57.9087,70.3524,4.0
e838.dat,0.184153,0.394394,3e-06,0.465465,0.032728,12.9098,39.7054,70.2449,6.0
tempest1.dat,0.145001,0.378378,0.010346,0.399399,0.029296,22.9,52.7354,70.2369,5.0
giiid.dat,0.097129,0.399399,0.0097,0.308308,0.02512,,46.1099,70.1221,4.0
giiin.dat,0.084492,0.325325,0.020754,0.196196,0.027244,,54.1778,70.0963,6.0
w1015.dat,0.14997,0.277277,0.000623,0.0,0.038113,17.696,46.7602,69.8325,7.0
eiffel428.dat,0.090035,0.331331,0.051342,0.359359,0.018405,,54.6222,69.7197,4.0
e360.dat,0.122435,0.356356,0.015413,0.269269,0.030097,13.3332,54.1012,69.6942,5.0
naca633218.dat,0.180036,0.351351,0.011362,0.252252,0.039191,,46.8112,69.6803,7.0
naca23018.dat,0.1802,0.301301,0.018511,0.131131,0.042873,,50.476,69.6193,8.0
ag10.dat,0.047271,0.16016,0.017146,0.325325,0.020414,4.163,53.4769,69.5742,5.0
nl722343.dat,0.08612,0.376376,0.013505,0.72973,0.02424,10.5653,55.17,69.5233,7.0
npl9660.dat,0.113011,0.341341,0.010109,0.199199,0.029501,3.7214,51.9848,69.4251,7.0
p51htip.dat,0.119998,0.456456,0.013299,0.475475,0.023439,9.6659,41.4269,69.3119,4.0
nlr1t.dat,0.08702,0.382382,0.01262,0.221221,0.022629,17.2624,52.0537,69.2662,6.0
s8035.dat,0.14004,0.29029,0.0,0.0,0.036565,17.5585,47.0935,69.2288,7.0
naca66210.dat,0.100012,0.456456,0.01103,0.500501,0.022482,,45.2948,69.2255,3.0
raf25.dat,0.064859,0.321321,0.010413,0.517518,0.020645,,53.9073,69.1907,2.0
rc410.dat,0.099827,0.387387,0.02132,0.284284,0.032605,11.3147,55.6091,69.1555,8.0
naca664221.dat,0.210015,0.454454,0.01103,0.502503,0.038366,,31.2586,69.1273,6.0
giiim.dat,0.085166,0.338338,0.01864,0.229229,0.026234,,56.2068,69.1175,6.0
b737b.dat,0.125737,0.277277,0.015483,0.079079,0.027563,,55.73,69.0078,8.0
ms317.dat,0.17008,0.375375,0.01514,0.6997,0.042126,7.1553,58.3002,69.005,3.0
sc1095.dat,0.094964,0.263263,0.008064,0.265265,0.028028,7.7539,53.1158,68.9234,10.0
e325.dat,0.126469,0.322322,0.017724,0.177177,0.028606,13.9741,38.6362,68.9124,10.0
e472.dat,0.12101,0.181181,0.0,0.0,0.03646,17.4916,47.1955,68.8031,9.0
goe514.dat,0.167973,0.237237,0.06471,0.373373,0.053309,,55.2562,68.6812,6.0
giiib.dat,0.104644,0.371371,0.00808,0.243243,0.026541,,45.9511,68.5694,6.0
p51hroot.dat,0.154996,0.455455,0.013299,0.476476,0.028411,11.7167,38.718,68.4808,4.0
naca641112.dat,0.120006,0.377377,0.00552,0.503504,0.026977,,45.2703,68.3567,4.0
e477.dat,0.153547,0.319319,0.0,0.0,0.033388,12.7193,47.3471,68.2261,7.0
giiic.dat,0.099362,0.387387,0.009175,0.31031,0.025541,,48.346,68.1439,4.0
goe513.dat,0.16785,0.243243,0.053132,0.348348,0.054657,,47.9166,67.8823,8.0
c5e.dat,0.107824,0.399399,0.014285,0.296296,0.029638,,55.3354,67.8508,3.0
zv15_35.dat,0.156491,0.199199,0.014215,0.006006,0.048401,10.8454,36.5465,67.7484,10.0
c141b.dat,0.126455,0.398398,0.011237,0.630631,0.029628,22.3246,53.4393,67.7342,3.0
rc08b3.dat,0.080042,0.391391,0.010991,0.343343,0.022972,14.5706,52.4038,67.5893,3.0
n64212ma.dat,0.119954,0.39039,0.024537,0.217217,0.036268,6.7077,52.1732,67.5674,9.0
mh49.dat,0.105002,0.29029,0.007088,0.316316,0.025908,4.6098,42.4813,67.3178,5.0
sc1012r8.dat,0.12004,0.272272,0.027111,0.211211,0.041749,9.8913,57.265,67.2975,7.0
ht23.dat,0.065086,0.208208,0.010769,0.222222,0.022388,4.7972,50.6789,67.2524,5.0
sc1094r8.dat,0.094049,0.271271,0.021254,0.21021,0.032434,7.7575,56.8191,67.2244,7.0
sc1095r8.dat,0.094035,0.271271,0.007985,0.271271,0.032435,7.7551,51.8382,67.0528,8.0
sc20710.dat,0.099816,0.375375,0.009501,0.800801,0.025869,2.3223,49.8776,66.9651,0.0
goe703.dat,0.195261,0.346346,0.023059,0.316316,0.043791,,50.4845,66.9231,9.0
naca1408.dat,0.080032,0.3003,0.010006,0.412412,0.024164,,54.957,66.8758,3.0
e476.dat,0.167472,0.333333,0.0,0.0,0.035408,13.665,46.2751,66.871,7.0
s4095.dat,0.096938,0.287287,0.024394,0.341341,0.025746,2.6504,54.2806,66.7771,8.0
c141a.dat,0.129939,0.399399,0.010951,0.655656,0.030341,23.076,52.5504,66.7752,3.0
rae5215.dat,0.096551,0.344344,0.016287,0.697698,0.026559,7.0376,54.7176,66.7532,7.0
goe55.dat,0.061894,0.167167,0.020724,0.228228,0.028037,,51.5246,66.6689,4.0
eh1070.dat,0.070022,0.295295,0.010009,0.25025,0.021259,6.3725,40.4143,66.6147,4.0
b737a.dat,0.153752,0.188188,0.01922,0.045045,0.052133,,47.3948,66.5559,10.0
fx76120.dat,0.120706,0.275275,0.0,0.0,0.030407,15.0243,45.5753,66.3212,6.0
rae5212.dat,0.119494,0.363363,0.018343,0.682683,0.027768,12.5927,57.5494,66.2319,3.0
marske5.dat,0.122484,0.223223,0.034146,0.128128,0.030463,,45.975,66.1087,9.0
rae5214.dat,0.096834,0.333333,0.014361,0.693694,0.026559,6.8768,55.2283,66.0763,7.0
hsnlf213.dat,0.132565,0.432432,0.013741,0.326326,0.028638,9.2554,44.0586,65.9288,5.0
n63215b.dat,0.150475,0.311311,0.0149,0.101101,0.039981,6.1675,53.0033,65.7941,9.0
sc20712.dat,0.119917,0.375375,0.01035,0.78979,0.030975,2.6959,56.3458,65.7422,0.0
npl9627.dat,0.121703,0.293293,0.009072,0.384384,0.029667,15.6192,51.104,65.7296,4.0
rae5213.dat,0.099649,0.335335,0.014449,0.682683,0.026559,6.8768,55.6471,65.6194,7.0
e228.dat,0.100816,0.296296,0.002785,0.299299,0.025169,8.7259,44.659,65.6079,5.0
supermarine371ii.dat,0.083712,0.482482,0.009326,0.473473,0.013285,,26.4424,65.5664,3.0
naca661212.dat,0.120011,0.455455,0.01103,0.501502,0.024955,,36.4099,65.4836,3.0
esa40.dat,0.107252,0.285285,0.020065,0.123123,0.029676,6.9177,40.7016,65.4053,10.0
w1011.dat,0.110008,0.254254,0.000544,0.0,0.02945,10.8032,47.9042,65.3427,7.0
joukowsk.dat,0.118,0.25025,0.0,0.096096,0.032954,4.1834,47.0601,65.3011,7.0
n64015.dat,0.150088,0.374374,0.0,0.0,0.024442,,40.3542,65.2848,5.0
ag47ct02r.dat,0.049923,0.219219,0.013051,0.327327,0.019589,4.032,51.9209,65.2151,5.0
s8025.dat,0.079842,0.225225,0.004773,0.17017,0.024128,5.6783,49.0667,65.181,6.0
stcyr171.dat,0.1108,0.301301,0.000107,0.029029,0.02573,,44.4146,65.0684,6.0
naca0015.dat,0.15004,0.299299,0.0,0.0,0.033326,,44.6525,64.9823,8.0
goe10k.dat,0.038535,0.475475,0.014319,0.563564,0.013943,,25.7073,64.8697,2.0
ag47c03.dat,0.050614,0.225225,0.01957,0.455455,0.019588,3.4758,50.0947,64.7864,6.0
isa960.dat,0.0946,0.299299,0.057671,0.348348,0.020998,,48.8617,64.7097,5.0
glennmartin4.dat,0.155072,0.319319,0.076957,0.339339,0.025455,,56.1861,64.6606,8.0
naca0018.dat,0.18006,0.3003,0.0,0.0,0.042897,,42.8317,64.6301,9.0
e171.dat,0.12282,0.346346,0.0,0.0,0.026655,11.581,42.2502,64.5004,5.0
n63015a.dat,0.149952,0.356356,0.0,0.0,0.024946,,42.9928,64.4695,5.0
naca4424.dat,0.24033,0.297297,0.040061,0.419419,0.071871,,47.8945,64.2747,7.0
n64015a.dat,0.150011,0.381381,0.0,0.0,0.024207,,40.6278,64.2023,5.0
usa49.dat,0.072514,0.308308,0.017524,0.358358,0.01524,,56.2332,64.0432,3.0
stcyr172.dat,0.137038,0.255255,0.0,0.0,0.03127,,42.9417,63.9743,7.0
sc20612.dat,0.120017,0.375375,0.011306,0.793794,0.031139,2.8425,55.7045,63.9195,1.0
goe518.dat,0.1801,0.285285,0.073004,0.308308,0.06545,,55.2425,63.8543,8.0
giiia.dat,0.110247,0.378378,0.00741,0.136136,0.027842,,40.7343,63.8147,7.0
mi-vawt1.dat,0.210001,0.309309,0.003997,0.199199,0.060757,8.0709,45.6072,63.7186,8.0
npl9626.dat,0.120675,0.303303,0.007279,0.299299,0.027839,15.6178,46.0556,63.7168,4.0
sc20614.dat,0.139915,0.365365,0.01255,0.800801,0.03692,3.54,56.2486,63.653,1.0
goe506.dat,0.165252,0.269269,0.046797,0.43043,0.042613,,59.4395,63.6458,7.0
mh95.dat,0.158562,0.346346,0.014511,0.231231,0.037356,16.6903,54.5632,63.4553,7.0
goe559.dat,0.112591,0.334334,0.034625,0.336336,0.010811,,35.7499,63.1437,1.0
fx76100.dat,0.100664,0.275275,0.0,0.0,0.025629,12.9384,45.3671,63.0928,5.0
mh94.dat,0.160354,0.325325,0.013605,0.731732,0.042133,14.7839,55.8627,62.9888,6.0
ssca07.dat,0.070002,0.38038,0.009089,0.171171,0.020876,3.2825,46.2189,62.8969,5.0
glennmartin3.dat,0.137803,0.315315,0.068955,0.294294,0.029219,,39.7805,62.8738,5.0
sd8020.dat,0.101094,0.288288,6e-06,0.602603,0.026176,12.7508,45.4941,62.5823,6.0
nasasc2-0714.dat,0.139396,0.367367,0.014803,0.797798,0.0363,3.7683,55.4814,62.5821,1.0
r140sm.dat,0.120426,0.388388,0.004376,0.388388,0.023193,16.7019,37.0016,62.2859,4.0
e520.dat,0.15017,0.355355,0.0007,0.0,0.031581,8.0426,44.1716,62.2166,6.0
fx77w270s.dat,0.271358,0.327327,0.043249,0.271271,0.063403,24.1212,43.0631,62.113,10.0
prandtl-d-wingtip.dat,0.096364,0.278278,0.0007,1.0,0.021524,12.493,43.9925,62.1069,5.0
fxl142k.dat,0.14202,0.315315,0.0,0.0,0.030991,9.4456,43.8134,62.1068,7.0
goe598.dat,0.06571,0.364364,0.009691,0.496496,0.020404,,28.9597,61.8422,2.0
rc1064c.dat,0.100007,0.396396,0.010008,0.358358,0.026281,,49.0937,61.8282,3.0
naca63a210.dat,0.238537,0.48048,0.085417,0.48048,0.024371,,41.7783,61.6726,4.0
vr9.dat,0.060682,0.335335,0.003305,0.341341,0.015209,6.3438,40.2576,61.5292,4.0
n0012.dat,0.120034,0.3003,0.0,0.0,0.031765,15.5643,44.7784,61.4772,6.0
goe410.dat,0.161716,0.271271,0.0,0.0,0.038662,,42.6607,61.4503,9.0
sc20610.dat,0.0998,0.38038,0.010214,0.803804,0.025937,2.4715,53.5863,61.2,1.0
s8023.dat,0.076033,0.17017,0.0,0.0,0.025118,5.6744,44.7373,61.1562,8.0
fxlv152.dat,0.153011,0.356356,5.9e-05,0.997998,0.030514,9.2011,43.9215,61.0954,5.0
hor04.dat,0.040584,0.324324,0.015112,0.466466,0.01717,0.9999,50.0401,60.8892,2.0
fg4.dat,0.127055,0.313313,0.063528,0.313313,0.033718,,47.8817,60.6704,4.0
n2h15.dat,0.148525,0.448448,0.045078,0.416416,0.024513,,34.1293,60.6264,7.0
n64110.dat,0.10003,0.379379,0.00552,0.502503,0.02397,,30.6533,60.5198,3.0
s9026.dat,0.095025,0.264264,0.0,0.0,0.028158,8.6369,45.877,60.2507,6.0
ht22.dat,0.050798,0.195195,0.010749,0.224224,0.020855,3.8555,48.5657,60.2397,5.0
m2.dat,0.081186,0.344344,0.0,0.0,0.017272,,34.8036,60.1041,7.0
b707a.dat,0.11436,0.247247,0.002269,0.064064,0.031992,13.329,36.0549,59.917,8.0
ah93w300.dat,0.300007,0.289289,0.011439,0.702703,0.10575,18.5773,49.3779,59.9145,6.0
sc20518.dat,0.179815,0.366366,0.01475,0.81982,0.051166,4.3516,54.9414,59.9138,2.0
e904.dat,0.089992,0.452452,0.013407,0.497497,0.018978,15.2921,25.6191,59.8633,3.0
rae100.dat,0.1,0.269269,0.0,0.0,0.025207,9.78,44.8602,59.8494,5.0
j5012.dat,0.12006,0.333333,1e-06,0.832833,0.02996,17.3378,42.8886,59.6567,7.0
n13.dat,0.118531,0.333333,0.001203,0.962963,0.022264,,45.7403,59.634,7.0
s9032.dat,0.090002,0.252252,0.0,0.0,0.027521,8.5409,44.5774,59.55,6.0
rc1264c.dat,0.120003,0.399399,0.01,0.348348,0.030124,,48.2243,59.4029,4.0
n63210.dat,0.10001,0.349349,0.011213,0.587588,0.02454,,44.0887,59.3519,2.0
naca0021.dat,0.21008,0.3003,0.0,0.0,0.054123,,38.9897,59.2462,10.0
lwk79100.dat,0.09999,0.288288,0.0,0.0,0.024612,7.5527,43.1218,59.1122,5.0
rae101.dat,0.099991,0.308308,0.0,0.0,0.021906,10.2203,39.8391,59.0325,4.0
eh0009.dat,0.090034,0.296296,0.0,0.767768,0.024427,8.303,38.6054,59.0059,4.0
fx79l120.dat,0.120731,0.33033,0.0,0.0,0.02734,10.285,42.3238,58.9946,6.0
goe775.dat,0.21,0.3003,0.0022,1.0,0.0542,,38.3291,58.9473,10.0
fx77080.dat,0.080513,0.268268,0.0,0.0,0.022793,10.5683,44.588,58.8732,5.0
s4096.dat,0.124635,0.35035,0.021789,0.375375,0.028536,5.4664,46.0388,58.8629,8.0
n0009sm.dat,0.090218,0.298298,0.0,0.0,0.023048,13.835,45.7733,58.8477,10.0
b540ols.dat,0.097103,0.222222,0.0,0.0,0.029987,7.4829,43.5772,58.8355,7.0
ht14.dat,0.074911,0.191191,0.00099,0.0,0.0259,5.5308,42.6922,58.8229,7.0
e836.dat,0.126561,0.408408,0.0,0.0,0.02569,11.6077,35.4074,58.7198,4.0
e521.dat,0.137782,0.355355,0.00066,0.0,0.029898,8.264,43.2634,58.5868,7.0
ui1720.dat,0.138257,0.183183,0.046464,0.223223,0.041345,10.568,50.8961,58.512,5.0
n66021.dat,0.210016,0.455455,0.0,0.0,0.030496,,27.1693,58.4585,6.0
raf27.dat,0.097747,0.321321,0.0,0.0,0.018398,,41.6334,58.3759,4.0
raf30.dat,0.126595,0.321321,0.0,0.0,0.023949,,42.3335,58.331,5.0
b707b.dat,0.122426,0.331331,0.007371,0.105105,0.032578,,34.3283,58.3074,9.0
e230.dat,0.099695,0.293293,0.003896,0.003003,0.025963,8.5311,30.6976,58.0647,8.0
oaf139.dat,0.136731,0.236236,0.000451,0.002002,0.040402,2.9974,31.9259,58.0491,9.0
nacam2.dat,0.080934,0.337337,0.0,0.0,0.017272,,39.5645,57.9432,5.0
naca66-018.dat,0.179974,0.455455,1e-06,0.830831,0.025622,12.9213,29.0646,57.9336,5.0
goe459.dat,0.127538,0.341341,0.0,0.0,0.025596,,42.3975,57.9069,7.0
m13.dat,0.062427,0.337337,0.039446,0.336336,0.01474,,24.7866,57.8453,2.0
b707c.dat,0.09788,0.341341,0.019042,0.155155,0.017393,,44.4732,57.8027,7.0
sc20404.dat,0.040112,0.375375,0.004729,0.806807,0.015853,1.1949,21.2099,57.7368,1.0
naca66209.dat,0.089994,0.457457,0.01103,0.500501,0.021309,,44.7122,57.7131,3.0
n63012a.dat,0.119955,0.36036,0.0,0.0,0.019893,,38.7986,57.5559,4.0
c5a.dat,0.131233,0.405405,0.007383,0.834835,0.027715,,46.5692,57.5478,3.0
sc20414.dat,0.140006,0.363363,0.015154,0.834835,0.037062,3.6094,51.2287,57.5098,7.0
goe491.dat,0.048993,0.251251,0.029451,0.297297,0.014649,,20.9301,57.4527,1.0
goe429.dat,0.114563,0.26026,0.001981,0.088088,0.024945,,40.9394,57.1383,5.0
s9027.dat,0.080037,0.238238,0.0,0.0,0.026057,7.7873,42.9773,57.024,6.0
oa206.dat,0.06009,0.305305,0.008451,0.19019,0.020293,1.493,41.1331,56.9539,4.0
e862.dat,0.323776,0.289289,0.0,0.0,0.092653,25.5384,33.8816,56.7451,10.0
sc20412.dat,0.120014,0.374374,0.013456,0.846847,0.031196,3.0161,50.1446,56.582,7.0
n64012.dat,0.120004,0.377377,0.0,0.0,0.019553,,36.9872,56.4385,4.0
fx79l100.dat,0.100697,0.33033,0.0,0.0,0.023405,8.8726,40.6782,56.3307,5.0
n64012a.dat,0.12001,0.385385,0.0,0.0,0.019374,,36.9909,56.3068,4.0
amsoil2.dat,0.117663,0.4004,0.009711,0.494494,0.029989,10.911,47.7651,56.2769,7.0
rae104.dat,0.1,0.419419,0.0,0.0,0.019937,13.5833,32.8826,56.2049,7.0
e297.dat,0.113886,0.376376,0.00049,0.0,0.025304,7.5679,37.0682,56.1283,4.0
s9033.dat,0.075003,0.22022,0.0,0.0,0.02542,6.6212,41.6993,56.0732,6.0
bqm34.dat,0.099004,0.32032,0.0,0.0,0.026681,10.7906,41.8504,56.0376,5.0
naca2424.dat,0.240121,0.299299,0.02003,0.419419,0.072418,,37.7406,55.8842,9.0
naca23021.dat,0.210101,0.299299,0.018681,0.118118,0.05532,,41.6506,55.7259,7.0
n14.dat,0.11518,0.342342,0.000549,0.227227,0.023406,,41.4217,55.4983,7.0
us1000root.dat,0.185674,0.273273,0.001306,0.0,0.036311,23.98,34.0983,55.2773,7.0
m3.dat,0.11943,0.333333,0.0,0.0,0.024337,,40.403,54.8327,6.0
nacam3.dat,0.11943,0.333333,0.0,0.0,0.024337,,40.403,54.8327,6.0
naca671215.dat,0.150009,0.486486,0.01103,0.500501,0.030294,,32.271,54.8315,5.0
naca0010.dat,0.10004,0.3003,0.0,0.0,0.020951,,42.3563,54.7828,4.0
n64108.dat,0.08,0.382382,0.00552,0.501502,0.021237,,40.9798,54.629,3.0
coanda2.dat,0.060331,0.257257,0.043017,0.29029,0.015555,,26.4179,54.5864,3.0
s8021.dat,0.076009,0.268268,0.0,0.0,0.022295,7.4368,40.0384,54.5477,5.0
coanda1.dat,0.056527,0.33033,0.041962,0.341341,0.014866,,35.0527,54.3934,3.0
hq010.dat,0.100021,0.345345,0.0,0.0,0.022559,7.3299,40.9936,54.1398,5.0
goe464.dat,0.077765,0.069069,0.099799,0.346346,0.045059,,26.9979,53.9841,1.0
ht13.dat,0.065011,0.188188,0.039291,0.001001,0.023855,4.7417,37.7659,53.977,6.0
rcsc2.dat,0.099807,0.379379,0.005955,0.634635,0.02735,18.1705,43.0321,53.9275,5.0
ames02.dat,0.077379,0.31031,0.005518,0.630631,0.024075,4.8446,40.5838,53.9153,6.0
a63a108c.dat,0.077378,0.31031,0.005519,0.628629,0.024076,4.7979,40.4268,53.9121,6.0
ultimate.dat,0.128517,0.333333,0.000533,0.0,0.025618,19.5697,34.4499,53.8875,9.0
goe460.dat,0.205491,0.323323,0.0,0.0,0.043233,,33.4724,53.7764,10.0
sc20410.dat,0.0997,0.38038,0.01175,0.84985,0.02602,2.5266,46.242,53.6973,6.0
goe571.dat,0.249528,0.3003,0.098768,0.321321,0.092534,,41.3139,53.6957,7.0
n12.dat,0.104659,0.311311,0.001713,0.166166,0.019876,,39.3787,53.5586,6.0
rae102.dat,0.100001,0.356356,0.0,0.0,0.021026,10.9105,38.0436,53.1249,4.0
sc20012.dat,0.12002,0.406406,0.0,0.0,0.030687,14.3628,39.1846,53.1107,8.0
s1012.dat,0.120263,0.386386,0.0,0.0,0.02994,9.7592,37.9637,53.0121,9.0
s1010.dat,0.06022,0.234234,0.0,0.0,0.021184,6.9609,32.7213,52.9767,5.0
v13006.dat,0.059783,0.302302,0.009106,0.198198,0.015217,7.7781,43.5531,52.6564,3.0
fx71l150.dat,0.150038,0.351351,0.0,0.0,0.032333,9.7688,38.1269,52.3666,5.0
fx711530.dat,0.150038,0.351351,0.0,0.0,0.032333,9.7688,38.1269,52.3666,5.0
ls013.dat,0.12866,0.392392,0.0,0.0,0.032796,7.621,39.8063,52.2134,8.0
hq09.dat,0.081138,0.345345,0.0,0.0,0.019557,5.9574,32.6871,52.1607,3.0
ht35.dat,0.075001,0.261261,0.0,0.147147,0.021549,7.4018,37.4382,51.8395,5.0
ea81006.dat,0.060322,0.339339,0.0,0.0,0.01,,29.734,51.6759,6.0
sc20010.dat,0.100017,0.406406,0.0,0.0,0.026089,11.9882,37.9857,51.2303,7.0
sc20406.dat,0.060207,0.353353,0.003504,0.785786,0.018594,2.1635,27.1942,51.1193,1.0
fx711525.dat,0.150048,0.346346,0.0,0.0,0.032275,9.5934,37.5147,50.7892,4.0
naca001264.dat,0.12,0.399399,0.0,0.0,0.02373,,37.4308,50.6048,7.0
fx711520.dat,0.150042,0.347347,0.0,0.0,0.032416,9.0461,36.9677,50.5975,4.0
naca0024.dat,0.24008,0.3003,0.0,0.0,0.067006,,34.4476,50.566,10.0
fx69pr281.dat,0.281358,0.216216,0.056145,0.499499,0.119328,16.787,45.8859,50.4287,5.0
raf89.dat,0.250065,0.308308,0.016558,0.551552,0.063259,,37.5573,50.4142,10.0
fx71120.dat,0.11986,0.248248,0.0,0.0,0.038815,15.0013,35.7303,50.4105,7.0
goe63.dat,0.082857,0.232232,0.067048,0.381381,0.04087,,24.6237,50.3939,1.0
ht34.dat,0.069738,0.25025,0.002591,0.001001,0.021043,6.6801,34.5412,50.3304,5.0
fx77w343.dat,0.344274,0.332332,0.047137,0.264264,0.092534,13.0772,39.5483,50.2361,8.0
naca001234.dat,0.12,0.399399,0.0,0.0,0.016543,,32.1615,50.0504,4.0
n0011sc.dat,0.109573,0.405405,0.0,0.0,0.029049,28.5508,37.3258,49.9734,7.0
naca0008.dat,0.08002,0.3003,0.0,0.0,0.017206,,37.3648,49.9344,6.0
naca001064.dat,0.1,0.399399,0.0,0.0,0.01979,,36.796,49.7853,6.0
nlr7301.dat,0.165212,0.358358,0.016718,0.770771,0.050412,7.0959,43.9897,49.5615,7.0
rae103.dat,0.100002,0.39039,0.0,0.0,0.02041,11.974,30.8168,49.5281,3.0
dsma523b.dat,0.10998,0.355355,0.020453,0.813814,0.031705,2.4865,43.9731,49.4843,6.0
m1.dat,0.061852,0.334334,0.0,0.0,0.014554,,26.0922,49.3719,6.0
e863.dat,0.357811,0.3003,0.0,0.0,0.104261,30.463,29.4706,49.3237,10.0
nplx.dat,0.106761,0.371371,0.008473,0.7998,0.02747,10.5985,41.8831,49.3215,2.0
fx72150b.dat,0.150296,0.359359,0.097286,0.478478,0.029589,4.9492,-77.7806,48.977,6.0
whitcomb.dat,0.109615,0.357357,0.0229,0.824825,0.030765,1.8817,41.497,48.8961,6.0
naca64a010.dat,0.100005,0.386386,0.0,0.0,0.02093,,31.1627,48.7945,3.0
goe776.dat,0.250002,0.298298,0.0026,1.0,0.071761,,31.9882,48.7086,8.0
bambino6.dat,0.120218,0.377377,0.06013,0.375375,0.026622,,31.1867,48.5157,6.0
marsden.dat,0.27875,0.316316,0.096087,0.352352,0.088457,9.9006,32.2028,48.5125,3.0
lwk80100.dat,0.100649,0.412412,1e-05,0.0,0.021793,10.5626,32.2991,48.2824,7.0
lwk80120k25.dat,0.120648,0.411411,0.0,0.0,0.025158,11.9976,36.6164,48.2114,4.0
naca001034.dat,0.1,0.399399,0.0,0.0,0.014552,,27.9286,48.1896,3.0
goe05k.dat,0.037034,0.478478,0.015396,0.532533,0.013223,,15.8117,48.044,1.0
goe445.dat,0.064275,0.371371,0.0,0.0,0.012421,,16.1692,47.9914,2.0
ea61012.dat,0.120553,0.33033,0.0,0.0,0.0212,,35.0889,47.6286,8.0
goe229.dat,0.194242,0.304304,0.059398,0.525526,0.028715,,39.4495,47.6084,3.0
raf30md.dat,0.076107,0.319319,0.0,0.0,0.015328,,35.3182,47.4624,3.0
ah85l120.dat,0.121101,0.436436,0.0,0.0,0.021318,11.3995,26.1377,47.3424,4.0
lwk80150k25.dat,0.150458,0.411411,0.0,0.0,0.031053,11.119,33.056,47.2912,4.0
th25816.dat,0.257525,0.462462,0.040044,0.533534,0.042339,27.5415,18.6355,46.997,3.0
hq07.dat,0.069995,0.345345,0.0,0.0,0.01799,5.1255,28.7787,46.874,3.0
lwk80080.dat,0.080653,0.414414,0.0,0.0,0.018859,9.2358,21.1942,46.7564,3.0
fx71089a.dat,0.089407,0.232232,0.0,0.0,0.029896,11.1052,34.4651,46.6744,6.0
goe409.dat,0.128338,0.351351,0.0,0.0,0.024291,,32.9058,46.4485,8.0
dga1182.dat,0.076087,0.292292,0.010381,0.219219,0.014466,,27.327,46.397,6.0
r140.dat,0.120035,0.405405,0.004674,0.424424,0.023328,17.0879,24.2503,46.2556,3.0
naca001066.dat,0.1,0.598599,0.0,0.0,0.019503,,32.5735,45.8264,10.0
du861372.dat,0.141165,0.326326,0.004208,0.023023,0.030217,,40.1586,45.6433,8.0
goe81.dat,0.07432,0.301301,0.063619,0.341341,0.03344,,15.7809,45.2131,0.0
naca23024.dat,0.24011,0.3003,0.025249,0.007007,0.069573,,29.1671,45.1126,9.0
naca63206.dat,0.060001,0.35035,0.011028,0.500501,0.018964,,11.8819,45.0053,3.0
goe79.dat,0.062117,0.171171,0.060208,0.336336,0.033731,,16.9451,44.7777,1.0
naca001065.dat,0.1,0.500501,0.0,0.0,0.019141,,34.3465,44.5508,7.0
ht12.dat,0.050215,0.181181,1.4e-05,0.004004,0.021025,3.5097,30.856,44.5452,4.0
k2.dat,0.102973,0.386386,0.024577,0.893894,0.029464,4.543,33.9124,44.3161,6.0
ht05.dat,0.048115,0.171171,1.2e-05,0.003003,0.021334,8.5142,31.504,44.0406,5.0
goe561.dat,0.249681,0.312312,0.102724,0.323323,0.10011,,33.3391,43.8324,7.0
dbln526.dat,0.2599,0.499499,0.039857,0.477477,0.042588,,37.792,43.7752,6.0
dh4009sm.dat,0.089531,0.431431,0.002003,0.089089,0.017648,15.5549,26.6525,43.4412,2.0
ht21.dat,0.05105,0.193193,0.000873,0.0,0.020884,3.4539,26.9945,43.3476,5.0
goe411.dat,0.132882,0.339339,0.0,0.0,0.01766,,26.5689,43.2986,4.0
naca16012.dat,0.12,0.499499,0.0,0.0,0.017669,,27.517,43.2741,3.0
ht08.dat,0.050007,0.206206,0.000734,0.0,0.018613,4.7842,24.1088,43.049,4.0
s1014.dat,0.165087,0.426426,0.0,0.0,0.035773,11.6724,31.2719,43.0268,4.0
sc20402.dat,0.019954,0.396396,0.0016,0.78979,0.013747,0.7695,11.8629,42.8788,0.0
s1016.dat,0.175044,0.396396,0.0,0.0,0.039555,12.7474,29.8061,41.2074,10.0
ea61009.dat,0.090219,0.318318,0.0,0.0,0.014248,,23.4686,41.1246,6.0
naca16018.dat,0.18,0.499499,0.0,0.0,0.026382,,25.5423,40.9742,4.0
n64008a.dat,0.080013,0.389389,0.0,0.0,0.014121,,24.4736,40.89,4.0
naca16015.dat,0.15,0.499499,0.0,0.0,0.021664,,29.6164,40.7588,3.0
rc0864c.dat,0.080001,0.4004,0.01,0.349349,0.022789,13.9162,22.8807,40.6641,3.0
ah81k144wfKlappe.dat,0.220342,0.174174,0.01067,0.565566,0.070774,14.472,-11.1107,39.9256,10.0
npl9510.dat,0.11087,0.335335,0.016298,0.785786,0.029584,6.5722,32.6827,39.9189,4.0
naca16021.dat,0.21,0.499499,0.0,0.0,0.03185,,22.9968,38.3982,5.0
naca16009.dat,0.09,0.500501,0.0,0.0,0.017983,22.3216,27.2151,38.3846,2.0
e864.dat,0.389007,0.309309,0.000527,0.11011,0.115726,35.2083,24.491,38.2183,10.0
n6h20.dat,0.199628,0.413413,0.061475,0.376376,0.033191,,15.4224,38.0939,10.0
s9104BTE.dat,0.121479,0.161161,0.146461,0.491491,0.054341,,19.6327,37.8107,2.0
fx72ls160.dat,0.160239,0.383383,0.082434,0.439439,0.033567,8.7103,-23.7231,36.5064,5.0
sc20503.dat,0.030102,0.386386,0.002104,0.795796,0.014644,1.3051,8.8289,36.1313,0.0
naca001035.dat,0.1,0.499499,0.0,0.0,0.013753,,18.0935,35.904,2.0
goe443.dat,0.050699,0.343343,0.0,0.0,0.011478,,20.4491,34.1381,2.0
kenmar.dat,0.279239,0.31031,0.077036,0.363363,0.088475,9.8982,24.5961,33.9199,6.0
e379.dat,0.022302,0.065065,0.080124,0.325325,0.04358,2.6171,-26.9353,33.8549,1.0
bacj.dat,0.100713,0.393393,0.017329,0.791792,0.024454,8.6059,10.1056,33.6017,8.0
naca16006.dat,0.06,0.499499,0.0,0.0,0.01176,,10.8573,33.4869,2.0
fx38153.dat,0.155421,0.433433,0.021388,0.806807,0.027375,12.4143,8.5547,33.2144,3.0
goe444.dat,0.056384,0.342342,0.0,0.0,0.011645,,14.3859,32.1427,2.0
goe09k.dat,0.024508,0.485485,0.009109,0.565566,0.013081,,10.6977,31.7081,1.0
mi-strut1.dat,0.329567,0.299299,0.0,0.0,0.116552,40.0105,19.3725,31.1001,9.0
hs1430.dat,0.299964,0.339339,0.028216,0.422422,0.108161,48.7478,26.9541,28.6187,8.0
r1145msf.dat,0.29483,0.202202,0.079545,0.263263,0.147514,,15.5837,27.1943,4.0
goe570.dat,0.338232,0.328328,0.096934,0.376376,0.077883,,19.5141,25.3325,6.0
e377m.dat,0.03786,0.06006,0.091327,0.318318,0.02215,3.3546,-111.5081,24.9833,0.0
ah93w480b.dat,0.478493,0.431431,0.033572,0.424424,0.167045,87.077,20.815,23.9925,8.0
goe235.dat,0.065535,0.233233,0.035636,0.357357,0.029492,,10.5415,23.9881,0.0
s9104.dat,0.121479,0.161161,0.146461,0.491491,0.054341,0.2518,0.7865,18.8646,2.0
griffith30SymSuction.dat,0.305787,0.501502,0.0,0.0,0.052403,12.7065,7.5354,15.3248,9.0
fx74modsm.dat,0.130893,0.28028,0.097203,0.41041,0.029426,4.7369,3.0458,12.1619,6.0
fx3.dat,0.200207,0.475475,0.042239,0.72973,0.031881,11.323,7.524,12.1428,10.0
fx74cl5140.dat,0.140482,0.303303,0.099366,0.373373,0.030554,6.3122,-4.7934,10.1227,10.0
t16.dat,0.054422,0.147147,0.085821,0.427427,0.023891,0.2756,2.7108,9.3254,0.0
ua79sff.dat,0.248344,0.254254,0.064916,0.391391,0.10721,13.3548,5.1822,8.9818,0.0
goe319.dat,0.102506,0.304304,0.057772,0.327327,0.043212,,6.1958,8.197,5.0
fx79w660a.dat,0.664377,0.45045,0.023193,0.178178,,,0.9923,3.1173,10.0
goe388.dat,0.102368,0.263263,0.054346,0.397397,0.02616,,1.1959,2.1726,1.0
goe801.dat,0.098624,0.256256,0.062024,0.371371,0.025007,,1.4622,2.1411,5.0
goe802.dat,0.098624,0.256256,0.062024,0.371371,0.025007,,1.4622,2.1411,5.0
goe15.dat,0.090069,0.281281,0.077606,0.307307,0.044558,,-1.2098,-0.3859,6.0
goe124.dat,0.079888,0.253253,0.05559,0.394394,0.03183,,-1.5695,-1.1919,4.0
ebambino7.dat,0.060063,0.414414,0.030029,0.413413,0.015165,,-1.4625,-1.4504,10.0
goe417a.dat,0.032391,0.02002,0.059122,0.38038,0.017024,,-110.9698,-3.2632,8.0
goe360.dat,0.096862,0.289289,0.058948,0.336336,0.03445,,-3.9005,-3.8563,10.0
m25.dat,0.063026,0.341341,0.082532,0.317317,0.015219,,-4.2461,-4.1869,10.0
goe324.dat,0.131476,0.288288,0.059555,0.314314,0.046896,,-4.8221,-4.6689,1.0
goe346.dat,0.057393,0.398398,0.038235,0.357357,0.025777,,-8.7211,-7.3192,2.0
goe54.dat,0.065154,0.166166,0.034805,0.193193,0.031287,,-8.2031,-8.1365,10.0
goe373.dat,0.065593,0.254254,0.051116,0.359359,0.029635,,-21.5514,-14.712,3.0
goe275.dat,0.078334,0.237237,0.047289,0.34034,0.032139,,-15.5183,-15.2972,0.0
e376.dat,0.024673,0.043043,0.089363,0.321321,0.020304,2.0626,-25.9721,-16.9849,6.0
gen1_rank1.dat,0.1102145286577514,0.2054698636996302,0.0511178463097873,0.5805604970119693,0.0267248358640832,17.408097199868568,,131.12211221122112,
gen1_rank2.dat,0.1796359501482325,0.2875350436620571,0.0276101304224143,0.3488234042525387,0.029159532093456,13.51464853707974,,116.2143559488692,
gen1_rank3.dat,0.1356869364594576,0.2923755928951101,0.0541648977287264,0.5421024963895202,0.0485650950681004,7.034374315179376,,145.73972602739727,
gen2_rank1.dat,0.1356869364594576,0.2923755928951101,0.0541648977287264,0.5421024963895202,0.0485650950681004,7.034374315179376,,145.73972602739727,
gen2_rank2.dat,0.1102145286577514,0.2054698636996302,0.0511178463097873,0.5805604970119693,0.0267248358640832,17.408097199868568,,131.12211221122112,
gen2_rank3.dat,0.1796359501482325,0.2875350436620571,0.0276101304224143,0.3488234042525387,0.029159532093456,13.51464853707974,,116.2143559488692,
gen3_rank1.dat,0.1356869364594576,0.2923755928951101,0.0541648977287264,0.5421024963895202,0.0485650950681004,7.034374315179376,,145.73972602739727,
gen3_rank2.dat,0.1102145286577514,0.2054698636996302,0.0511178463097873,0.5805604970119693,0.0267248358640832,17.408097199868568,,131.12211221122112,
gen3_rank3.dat,0.100977734284159,0.2608111372578651,0.0529852835499491,0.5600626714066111,0.0274716091699,16.20954141986953,,147.14748784440843,
gen4_rank1.dat,0.100977734284159,0.2608111372578651,0.0529852835499491,0.5600626714066111,0.0274716091699,16.20954141986953,,147.14748784440843,
gen4_rank2.dat,0.1356869364594576,0.2923755928951101,0.0541648977287264,0.5421024963895202,0.0485650950681004,7.034374315179376,,145.73972602739727,
gen4_rank3.dat,0.1091360305709752,0.2588497738158862,0.0524675529006657,0.5616010958371801,0.0282501833917971,14.687809021436808,,145.11111111111111,
gen5_rank1.dat,0.100977734284159,0.2608111372578651,0.0529852835499491,0.5600626714066111,0.0274716091699,16.20954141986953,,147.14748784440843,
gen5_rank2.dat,0.1356869364594576,0.2923755928951101,0.0541648977287264,0.5421024963895202,0.0485650950681004,7.034374315179376,,145.73972602739727,
gen5_rank3.dat,0.1091360305709752,0.2588497738158862,0.0524675529006657,0.5616010958371801,0.0282501833917971,14.687809021436808,,145.11111111111111,
gen6_rank1.dat,0.100977734284159,0.2608111372578651,0.0529852835499491,0.5600626714066111,0.0274716091699,16.20954141986953,,147.14748784440843,
gen6_rank2.dat,0.1098789801968832,0.268860550195827,0.0545502128256195,0.549359431766051,0.0263780754746276,14.677558518314578,,153.59635811836114,
gen6_rank3.dat,0.1285136627399706,0.2765836769677027,0.0527281043470344,0.5582673045017348,0.0267694505866112,15.030836164129475,,141.8803418803419,
gen7_rank1.dat,0.1098789801968832,0.268860550195827,0.0545502128256195,0.549359431766051,0.0263780754746276,14.677558518314578,,153.59635811836114,
gen7_rank2.dat,0.100977734284159,0.2608111372578651,0.0529852835499491,0.5600626714066111,0.0274716091699,16.20954141986953,,147.14748784440843,
gen7_rank3.dat,0.1291910869459571,0.2871316530994159,0.0531091484978565,0.54640140530343,0.0251450112840916,14.698724488227576,,146.4931506849315,
gen1_rank1.dat,0.1914798557705155,0.3443721760077678,0.0512175450025972,0.5388844640525536,0.0260177982942748,11.75873728210242,,132.13530655391122,
gen1_rank2.dat,0.066217136204478,0.2712978664845179,0.0570183157029576,0.5170332780875366,0.0277525023721118,12.205264458481537,,130.4665629860031,
gen1_rank3.dat,0.173412367268834,0.2035443625041646,0.056456293088563,0.5629046975198809,0.009508058774927,10.627511787921032,,120.59859154929576,
gen2_rank1.dat,0.1914798557705155,0.3443721760077678,0.0512175450025972,0.5388844640525536,0.0260177982942748,11.75873728210242,,132.13530655391122,
gen2_rank2.dat,0.066217136204478,0.2712978664845179,0.0570183157029576,0.5170332780875366,0.0277525023721118,12.205264458481537,,130.4665629860031,
gen2_rank3.dat,0.2285621989771731,0.3819785362094112,0.0603490455505472,0.5463463914869355,0.0068862629299681,14.373591692931162,,101.68732125834129,
gen3_rank1.dat,0.1914798557705155,0.3443721760077678,0.0512175450025972,0.5388844640525536,0.0260177982942748,11.75873728210242,,132.13530655391122,
gen3_rank2.dat,0.066217136204478,0.2712978664845179,0.0570183157029576,0.5170332780875366,0.0277525023721118,12.205264458481537,,130.4665629860031,
gen3_rank3.dat,0.1045631741070009,0.2809880747554176,0.0547974902225472,0.4889709945873138,0.025068320243376,13.93085728031678,,152.43589743589743,
gen4_rank1.dat,0.1045631741070009,0.2809880747554176,0.0547974902225472,0.4889709945873138,0.025068320243376,13.93085728031678,,152.43589743589743,
gen4_rank2.dat,0.1281061812894619,0.2944882391031455,0.0559527641453898,0.4918570052249787,0.0246490931629898,16.710133896588555,,151.07344632768363,
gen4_rank3.dat,0.1114321388122815,0.3061492113786892,0.0582935136292841,0.4851936728411002,0.0267339011119468,13.258723646345365,,147.38213399503724,
gen5_rank1.dat,0.1045631741070009,0.2809880747554176,0.0547974902225472,0.4889709945873138,0.025068320243376,13.93085728031678,,152.43589743589743,
gen5_rank2.dat,0.1281061812894619,0.2944882391031455,0.0559527641453898,0.4918570052249787,0.0246490931629898,16.710133896588555,,151.07344632768363,
gen5_rank3.dat,0.1114321388122815,0.3061492113786892,0.0582935136292841,0.4851936728411002,0.0267339011119468,13.258723646345365,,147.38213399503724,
gen6_rank1.dat,0.1045631741070009,0.2809880747554176,0.0547974902225472,0.4889709945873138,0.025068320243376,13.93085728031678,,152.43589743589743,
gen6_rank2.dat,0.1151290785633009,0.2879752930770685,0.055207306386851,0.4861045970673566,0.0247015070265007,14.460009015180276,,143.3997509339975,
gen6_rank3.dat,0.1281061812894619,0.2944882391031455,0.0559527641453898,0.4918570052249787,0.0246490931629898,16.710133896588555,,151.07344632768363,
gen7_rank1.dat,0.1045631741070009,0.2809880747554176,0.0547974902225472,0.4889709945873138,0.025068320243376,13.93085728031678,,152.43589743589743,
gen7_rank2.dat,0.1281061812894619,0.2944882391031455,0.0559527641453898,0.4918570052249787,0.0246490931629898,16.710133896588555,,151.07344632768363,
gen7_rank3.dat,0.1154321284731016,0.2890156301187651,0.0551207602608605,0.4910468632536333,0.0260550621278595,13.825497661513197,,155.40889526542324,
gen8_rank1.dat,0.1154321284731016,0.2890156301187651,0.0551207602608605,0.4910468632536333,0.0260550621278595,13.825497661513197,,155.40889526542324,
gen8_rank2.dat,0.1045631741070009,0.2809880747554176,0.0547974902225472,0.4889709945873138,0.025068320243376,13.93085728031678,,152.43589743589743,
gen8_rank3.dat,0.1281061812894619,0.2944882391031455,0.0559527641453898,0.4918570052249787,0.0246490931629898,16.710133896588555,,151.07344632768363,
gen9_rank1.dat,0.1202606174376402,0.2944849040939634,0.0556434370653835,0.488709874481637,0.0263101309095304,13.689646867827737,,137.3159509202454,
gen9_rank2.dat,0.1154321284731016,0.2890156301187651,0.0551207602608605,0.4910468632536333,0.0260550621278595,13.825497661513197,,155.40889526542324,
gen9_rank3.dat,0.1045631741070009,0.2809880747554176,0.0547974902225472,0.4889709945873138,0.025068320243376,13.93085728031678,,152.43589743589743,
gen10_rank1.dat,0.1154321284731016,0.2890156301187651,0.0551207602608605,0.4910468632536333,0.0260550621278595,13.825497661513197,,155.40889526542324,
gen10_rank2.dat,0.1078238604168311,0.2833963413644218,0.0548944712340412,0.4895937551872097,0.025364342808721,13.899249394675708,,161.05863192182412,
gen10_rank3.dat,0.1121714421632714,0.2866073635097608,0.0550237792493665,0.4904241026537375,0.0257590395625145,13.857105547154273,,160.2746365105008,
gen11_rank1.dat,0.1078238604168311,0.2833963413644218,0.0548944712340412,0.4895937551872097,0.025364342808721,13.899249394675708,,161.05863192182412,
gen11_rank2.dat,0.1121714421632714,0.2866073635097608,0.0550237792493665,0.4904241026537375,0.0257590395625145,13.857105547154273,,160.2746365105008,
gen11_rank3.dat,0.1091281349407632,0.2843596480080235,0.0549332636386388,0.489842859427168,0.0270456727374418,13.886606240419276,,160.95934959349594,
gen12_rank1.dat,0.1091281349407632,0.2843596480080235,0.0549332636386388,0.489842859427168,0.0270456727374418,13.886606240419276,,160.95934959349594,
gen12_rank2.dat,0.1078238604168311,0.2833963413644218,0.0548944712340412,0.4895937551872097,0.025364342808721,13.899249394675708,,161.05863192182412,
gen12_rank3.dat,0.1121714421632714,0.2866073635097608,0.0550237792493665,0.4904241026537375,0.0257590395625145,13.857105547154273,,160.2746365105008,
gen13_rank1.dat,0.1078238604168311,0.2833963413644218,0.0548944712340412,0.4895937551872097,0.025364342808721,13.899249394675708,,161.05863192182412,
gen13_rank2.dat,0.1091281349407632,0.2843596480080235,0.0549332636386388,0.489842859427168,0.0270456727374418,13.886606240419276,,160.95934959349594,
gen13_rank3.dat,0.1109541192742681,0.2857082773090659,0.0549875730050754,0.4901916053631096,0.0267425691032602,13.868905824460274,,137.46130030959753,
gen14_rank1.dat,0.1087629380740622,0.284089922147815,0.0549224017653515,0.4897731102399797,0.0270337064272805,13.890146323611075,,152.991452991453,
gen14_rank2.dat,0.1078238604168311,0.2833963413644218,0.0548944712340412,0.4895937551872097,0.025364342808721,13.899249394675708,,161.05863192182412,
gen14_rank3.dat,0.1091281349407632,0.2843596480080235,0.0549332636386388,0.489842859427168,0.0270456727374418,13.886606240419276,,160.95934959349594,
gen15_rank1.dat,0.1078238604168311,0.2833963413644218,0.0548944712340412,0.4895937551872097,0.025364342808721,13.899249394675708,,161.05863192182412,
gen15_rank2.dat,0.1091281349407632,0.2843596480080235,0.0549332636386388,0.489842859427168,0.0270456727374418,13.886606240419276,,160.95934959349594,
gen15_rank3.dat,0.1121714421632714,0.2866073635097608,0.0550237792493665,0.4904241026537375,0.0257590395625145,13.857105547154273,,160.2746365105008,
gen1_rank1.dat,0.12085990210946783,0.30347752078931967,0.0419976554079797,0.27685548354388695,0.027154204924469627,13.505992104482875,,100.4392523364486,
gen1_rank2.dat,0.17170223625992187,0.2608471917771713,0.04282020604407956,0.5161916606659732,0.02559829470542546,4.853712171284864,,124.31734317343172,
gen1_rank3.dat,0.12176982204044394,0.2508658008124675,0.04901143735801681,0.5311932549166607,0.012969111657848295,3.852149454907996,,135.466816647919,
gen2_rank1.dat,0.12176982204044394,0.2508658008124675,0.04901143735801681,0.5311932549166607,0.012969111657848295,3.852149454907996,,135.466816647919,
gen2_rank2.dat,0.11540723536760475,0.3662741722368811,0.053958321259989804,0.5435276626766374,0.023854688699214387,10.024658149910696,,168.82067851373182,
gen2_rank3.dat,0.18084500078942775,0.3059296908529219,0.0503812918468077,0.5625598584324207,0.01942061434584006,10.403868674394507,,131.08384458077708,
gen3_rank1.dat,0.11540723536760475,0.3662741722368811,0.053958321259989804,0.5435276626766374,0.023854688699214387,10.024658149910696,,168.82067851373182,
gen3_rank2.dat,0.15481373599222673,0.29247528591508426,0.05307974429818752,0.5243924612691725,0.025075212903562138,6.404995964872613,,143.21917808219177,
gen3_rank3.dat,0.11770809543877508,0.2953971465038148,0.06206549412247177,0.5058925312095869,0.023651676160020396,7.9215291801730325,,165.08100147275405,
gen4_rank1.dat,0.11540723536760475,0.3662741722368811,0.053958321259989804,0.5435276626766374,0.023854688699214387,10.024658149910696,,168.82067851373182,
gen4_rank2.dat,0.11770809543877508,0.2953971465038148,0.06206549412247177,0.5058925312095869,0.023651676160020396,7.9215291801730325,,165.08100147275405,
gen4_rank3.dat,0.11536108274036062,0.3491617300206136,0.05433536366572454,0.5171216728564629,0.0208648032977779,10.547891371503402,,170.8153078202995,
gen5_rank1.dat,0.11536108274036062,0.3491617300206136,0.05433536366572454,0.5171216728564629,0.0208648032977779,10.547891371503402,,170.8153078202995,
gen5_rank2.dat,0.11540723536760475,0.3662741722368811,0.053958321259989804,0.5435276626766374,0.023854688699214387,10.024658149910696,,168.82067851373182,
gen5_rank3.dat,0.11770809543877508,0.2953971465038148,0.06206549412247177,0.5058925312095869,0.023651676160020396,7.9215291801730325,,165.08100147275405,
gen6_rank1.dat,0.11536108274036062,0.3491617300206136,0.05433536366572454,0.5171216728564629,0.0208648032977779,10.547891371503402,,170.8153078202995,
gen6_rank2.dat,0.11540723536760475,0.3662741722368811,0.053958321259989804,0.5435276626766374,0.023854688699214387,10.024658149910696,,168.82067851373182,
gen6_rank3.dat,0.11540723536760475,0.3662741722368811,0.053958321259989804,0.5435276626766374,0.023854688699214387,10.024658149910696,,168.82067851373182,
gen7_rank1.dat,0.11536108274036062,0.3491617300206136,0.05433536366572454,0.5171216728564629,0.0208648032977779,10.547891371503402,,170.8153078202995,
gen7_rank2.dat,0.11540723536760475,0.3662741722368811,0.053958321259989804,0.5435276626766374,0.023854688699214387,10.024658149910696,,168.82067851373182,
gen7_rank3.dat,0.11540723536760475,0.3662741722368811,0.053958321259989804,0.5435276626766374,0.023854688699214387,10.024658149910696,,168.82067851373182,
gen8_rank1.dat,0.11536108274036062,0.3491617300206136,0.05433536366572454,0.5171216728564629,0.0208648032977779,10.547891371503402,,170.8153078202995,
gen8_rank2.dat,0.11540723536760475,0.3662741722368811,0.053958321259989804,0.5435276626766374,0.023854688699214387,10.024658149910696,,168.82067851373182,
gen8_rank3.dat,0.11540723536760475,0.3662741722368811,0.053958321259989804,0.5435276626766374,0.023854688699214387,10.024658149910696,,168.82067851373182,
gen9_rank1.dat,0.11536108274036062,0.3491617300206136,0.05433536366572454,0.5171216728564629,0.0208648032977779,10.547891371503402,,170.8153078202995,
gen9_rank2.dat,0.11537492852853386,0.35429546268549383,0.054222250944004124,0.5249564248640656,0.022190564136399957,10.39092140502559,,173.01507537688443,
gen9_rank3.dat,0.11537492852853386,0.35429546268549383,0.054222250944004124,0.5250434698025153,0.021761768918208847,10.39092140502559,,173.04857621440536,
gen10_rank1.dat,0.11537492852853386,0.35429546268549383,0.054222250944004124,0.5249564248640656,0.022190564136399957,10.39092140502559,,173.01507537688443,
gen10_rank2.dat,0.11537492852853386,0.35429546268549383,0.054222250944004124,0.5250434698025153,0.021761768918208847,10.39092140502559,,173.04857621440536,
gen10_rank3.dat,0.11536108274036062,0.3491617300206136,0.05433536366572454,0.5171216728564629,0.0208648032977779,10.547891371503402,,170.8153078202995,
gen11_rank1.dat,0.11537492852853386,0.35429546268549383,0.054222250944004124,0.5249564248640656,0.022190564136399957,10.39092140502559,,173.01507537688443,
gen11_rank2.dat,0.11537492852853386,0.35429546268549383,0.054222250944004124,0.5250434698025153,0.021761768918208847,10.39092140502559,,173.04857621440536,
gen11_rank3.dat,0.11537492852853386,0.35429546268549383,0.054222250944004124,0.5250434698025153,0.021761768918208847,10.39092140502559,,173.04857621440536,
gen12_rank1.dat,0.11537492852853386,0.35429546268549383,0.054222250944004124,0.5249564248640656,0.022190564136399957,10.39092140502559,,173.01507537688443,
gen12_rank2.dat,0.11537492852853386,0.35429546268549383,0.054222250944004124,0.5250434698025153,0.021761768918208847,10.39092140502559,,173.04857621440536,
gen12_rank3.dat,0.11537492852853386,0.35429546268549383,0.054222250944004124,0.5250434698025153,0.021761768918208847,10.39092140502559,,173.04857621440536,
gen13_rank1.dat,0.11537492852853386,0.35429546268549383,0.054222250944004124,0.5250434698025153,0.021761768918208847,10.39092140502559,,173.04857621440536,
gen13_rank2.dat,0.11537492852853386,0.35429546268549383,0.054222250944004124,0.5250434698025153,0.021761768918208847,10.39092140502559,,173.04857621440536,
gen13_rank3.dat,0.11537492852853386,0.35429546268549383,0.054222250944004124,0.5249564248640656,0.022190564136399957,10.39092140502559,,173.01507537688443,
gen14_rank1.dat,0.11537492852853386,0.35429546268549383,0.054222250944004124,0.5249564248640656,0.022190564136399957,10.39092140502559,,173.01507537688443,
gen14_rank2.dat,0.11537492852853386,0.35429546268549383,0.054222250944004124,0.5250434698025153,0.021761768918208847,10.39092140502559,,173.04857621440536,
gen14_rank3.dat,0.11537492852853386,0.35429546268549383,0.054222250944004124,0.5250434698025153,0.021761768918208847,10.39092140502559,,173.04857621440536,
